PersonBusinessEntityID,PersonType,Title,FirstName,MiddleName,LastName,Suffix,EmailPromotion,LoginID,OrganizationLevel,JobTitle,BirthDate,MaritalStatus,Gender,HireDate,SalariedFlag,VacationHours,SickLeaveHours,CurrentFlag,DepartmentID,ShiftID,StartDate,EndDate,RateChangeDate,Rate,PayFrequency,DepartmentName,GroupName,EmailAddress,PhoneNumber,PhoneNumberTypeID,AddressTypeID
1,EM,,Ken,J,Sánchez,,0,adventure-works\ken0,,Chief Executive Officer,1/29/1969,S,M,1/14/2009,TRUE,99,69,TRUE,16,1,1/14/2009,,1/14/2009,125.5,2,Executive,Executive General and Administration,ken0@adventure-works.com,697-555-0142,1,2
2,EM,,Terri,Lee,Duffy,,1,adventure-works\terri0,1,Vice President of Engineering,8/1/1971,S,F,1/31/2008,TRUE,1,20,TRUE,1,1,1/31/2008,,1/31/2008,63.4615,2,Engineering,Research and Development,terri0@adventure-works.com,819-555-0175,3,2
3,EM,,Roberto,,Tamburello,,0,adventure-works\roberto0,2,Engineering Manager,11/12/1974,M,M,11/11/2007,TRUE,2,21,TRUE,1,1,11/11/2007,,11/11/2007,43.2692,2,Engineering,Research and Development,roberto0@adventure-works.com,212-555-0187,1,2
4,EM,,Rob,,Walters,,0,adventure-works\rob0,3,Senior Tool Designer,12/23/1974,S,M,12/5/2007,FALSE,48,80,TRUE,1,1,12/5/2007,5/30/2010,12/5/2007,8.62,2,Engineering,Research and Development,rob0@adventure-works.com,612-555-0100,1,2
4,EM,,Rob,,Walters,,0,adventure-works\rob0,3,Senior Tool Designer,12/23/1974,S,M,12/5/2007,FALSE,48,80,TRUE,2,1,5/31/2010,,12/5/2007,8.62,2,Tool Design,Research and Development,rob0@adventure-works.com,612-555-0100,1,2
4,EM,,Rob,,Walters,,0,adventure-works\rob0,3,Senior Tool Designer,12/23/1974,S,M,12/5/2007,FALSE,48,80,TRUE,1,1,12/5/2007,5/30/2010,5/31/2010,23.72,2,Engineering,Research and Development,rob0@adventure-works.com,612-555-0100,1,2
4,EM,,Rob,,Walters,,0,adventure-works\rob0,3,Senior Tool Designer,12/23/1974,S,M,12/5/2007,FALSE,48,80,TRUE,2,1,5/31/2010,,5/31/2010,23.72,2,Tool Design,Research and Development,rob0@adventure-works.com,612-555-0100,1,2
4,EM,,Rob,,Walters,,0,adventure-works\rob0,3,Senior Tool Designer,12/23/1974,S,M,12/5/2007,FALSE,48,80,TRUE,1,1,12/5/2007,5/30/2010,12/15/2011,29.8462,2,Engineering,Research and Development,rob0@adventure-works.com,612-555-0100,1,2
4,EM,,Rob,,Walters,,0,adventure-works\rob0,3,Senior Tool Designer,12/23/1974,S,M,12/5/2007,FALSE,48,80,TRUE,2,1,5/31/2010,,12/15/2011,29.8462,2,Tool Design,Research and Development,rob0@adventure-works.com,612-555-0100,1,2
5,EM,Ms.,Gail,A,Erickson,,0,adventure-works\gail0,3,Design Engineer,9/27/1952,M,F,1/6/2008,TRUE,5,22,TRUE,1,1,1/6/2008,,1/6/2008,32.6923,2,Engineering,Research and Development,gail0@adventure-works.com,849-555-0139,1,2
6,EM,Mr.,Jossef,H,Goldberg,,0,adventure-works\jossef0,3,Design Engineer,3/11/1959,M,M,1/24/2008,TRUE,6,23,TRUE,1,1,1/24/2008,,1/24/2008,32.6923,2,Engineering,Research and Development,jossef0@adventure-works.com,122-555-0189,3,2
7,EM,,Dylan,A,Miller,,2,adventure-works\dylan0,3,Research and Development Manager,2/24/1987,M,M,2/8/2009,TRUE,61,50,TRUE,6,1,2/8/2009,,2/8/2009,50.4808,2,Research and Development,Research and Development,dylan0@adventure-works.com,181-555-0156,3,2
8,EM,,Diane,L,Margheim,,0,adventure-works\diane1,4,Research and Development Engineer,6/5/1986,S,F,12/29/2008,TRUE,62,51,TRUE,6,1,12/29/2008,,12/29/2008,40.8654,2,Research and Development,Research and Development,diane1@adventure-works.com,815-555-0138,1,2
9,EM,,Gigi,N,Matthew,,0,adventure-works\gigi0,4,Research and Development Engineer,1/21/1979,M,F,1/16/2009,TRUE,63,51,TRUE,6,1,1/16/2009,,1/16/2009,40.8654,2,Research and Development,Research and Development,gigi0@adventure-works.com,185-555-0186,1,2
10,EM,,Michael,,Raheem,,2,adventure-works\michael6,4,Research and Development Manager,11/30/1984,M,M,5/3/2009,TRUE,16,64,TRUE,6,1,5/3/2009,,5/3/2009,42.4808,2,Research and Development,Research and Development,michael6@adventure-works.com,330-555-2568,3,2
11,EM,,Ovidiu,V,Cracium,,0,adventure-works\ovidiu0,3,Senior Tool Designer,1/17/1978,S,M,12/5/2010,FALSE,7,23,TRUE,2,1,12/5/2010,,12/5/2010,28.8462,2,Tool Design,Research and Development,ovidiu0@adventure-works.com,719-555-0181,1,2
12,EM,,Thierry,B,D'Hers,,2,adventure-works\thierry0,4,Tool Designer,7/29/1959,M,M,12/11/2007,FALSE,9,24,TRUE,2,1,12/11/2007,,12/11/2007,25,2,Tool Design,Research and Development,thierry0@adventure-works.com,168-555-0183,3,2
13,EM,Ms.,Janice,M,Galvin,,2,adventure-works\janice0,4,Tool Designer,5/28/1989,M,F,12/23/2010,FALSE,8,24,TRUE,2,1,12/23/2010,,12/23/2010,25,2,Tool Design,Research and Development,janice0@adventure-works.com,473-555-0117,3,2
14,EM,,Michael,I,Sullivan,,2,adventure-works\michael8,3,Senior Design Engineer,6/16/1979,S,M,12/30/2010,TRUE,3,21,TRUE,1,1,12/30/2010,,12/30/2010,36.0577,2,Engineering,Research and Development,michael8@adventure-works.com,465-555-0156,1,2
15,EM,,Sharon,B,Salavaria,,2,adventure-works\sharon0,3,Design Engineer,5/2/1961,M,F,1/18/2011,TRUE,4,22,TRUE,1,1,1/18/2011,,1/18/2011,32.6923,2,Engineering,Research and Development,sharon0@adventure-works.com,970-555-0138,1,2
16,EM,,David,M,Bradley,,1,adventure-works\david0,1,Marketing Manager,3/19/1975,S,M,12/20/2007,TRUE,40,40,TRUE,5,1,12/20/2007,7/14/2009,12/20/2007,24,2,Purchasing,Inventory Management,david0@adventure-works.com,913-555-0172,3,2
16,EM,,David,M,Bradley,,1,adventure-works\david0,1,Marketing Manager,3/19/1975,S,M,12/20/2007,TRUE,40,40,TRUE,4,1,7/15/2009,,12/20/2007,24,2,Marketing,Sales and Marketing,david0@adventure-works.com,913-555-0172,3,2
16,EM,,David,M,Bradley,,1,adventure-works\david0,1,Marketing Manager,3/19/1975,S,M,12/20/2007,TRUE,40,40,TRUE,5,1,12/20/2007,7/14/2009,7/15/2009,28.75,2,Purchasing,Inventory Management,david0@adventure-works.com,913-555-0172,3,2
16,EM,,David,M,Bradley,,1,adventure-works\david0,1,Marketing Manager,3/19/1975,S,M,12/20/2007,TRUE,40,40,TRUE,4,1,7/15/2009,,7/15/2009,28.75,2,Marketing,Sales and Marketing,david0@adventure-works.com,913-555-0172,3,2
16,EM,,David,M,Bradley,,1,adventure-works\david0,1,Marketing Manager,3/19/1975,S,M,12/20/2007,TRUE,40,40,TRUE,5,1,12/20/2007,7/14/2009,4/30/2012,37.5,2,Purchasing,Inventory Management,david0@adventure-works.com,913-555-0172,3,2
16,EM,,David,M,Bradley,,1,adventure-works\david0,1,Marketing Manager,3/19/1975,S,M,12/20/2007,TRUE,40,40,TRUE,4,1,7/15/2009,,4/30/2012,37.5,2,Marketing,Sales and Marketing,david0@adventure-works.com,913-555-0172,3,2
17,EM,,Kevin,F,Brown,,2,adventure-works\kevin0,2,Marketing Assistant,5/3/1987,S,M,1/26/2007,FALSE,42,41,TRUE,4,1,1/26/2007,,1/26/2007,13.4615,2,Marketing,Sales and Marketing,kevin0@adventure-works.com,150-555-0189,1,2
18,EM,,John,L,Wood,,2,adventure-works\john5,2,Marketing Specialist,3/6/1978,S,M,2/7/2011,FALSE,48,44,TRUE,4,1,2/7/2011,,2/7/2011,14.4231,2,Marketing,Sales and Marketing,john5@adventure-works.com,486-555-0150,3,2
19,EM,,Mary,A,Dempsey,,1,adventure-works\mary2,2,Marketing Assistant,1/29/1978,S,F,2/14/2011,FALSE,43,41,TRUE,4,1,2/14/2011,,2/14/2011,13.4615,2,Marketing,Sales and Marketing,mary2@adventure-works.com,124-555-0114,1,2
20,EM,,Wanida,M,Benshoof,,2,adventure-works\wanida0,2,Marketing Assistant,3/17/1975,M,F,1/7/2011,FALSE,41,40,TRUE,4,1,1/7/2011,,1/7/2011,13.4615,2,Marketing,Sales and Marketing,wanida0@adventure-works.com,708-555-0141,3,2
21,EM,,Terry,J,Eminhizer,,2,adventure-works\terry0,2,Marketing Specialist,2/4/1986,M,M,3/2/2009,FALSE,44,42,TRUE,4,1,3/2/2009,,3/2/2009,14.4231,2,Marketing,Sales and Marketing,terry0@adventure-works.com,138-555-0118,1,2
22,EM,,Sariya,E,Harnpadoungsataya,,0,adventure-works\sariya0,2,Marketing Specialist,5/21/1987,S,M,12/12/2008,FALSE,45,42,TRUE,4,1,12/12/2008,,12/12/2008,14.4231,2,Marketing,Sales and Marketing,sariya0@adventure-works.com,399-555-0176,3,2
23,EM,,Mary,E,Gibson,,0,adventure-works\mary0,2,Marketing Specialist,9/13/1962,M,F,1/12/2009,FALSE,46,43,TRUE,4,1,1/12/2009,,1/12/2009,14.4231,2,Marketing,Sales and Marketing,mary0@adventure-works.com,531-555-0183,3,2
24,EM,Ms.,Jill,A,Williams,,0,adventure-works\jill0,2,Marketing Specialist,6/18/1979,M,F,1/18/2009,FALSE,47,43,TRUE,4,1,1/18/2009,,1/18/2009,14.4231,2,Marketing,Sales and Marketing,jill0@adventure-works.com,510-555-0121,3,2
25,EM,,James,R,Hamilton,,0,adventure-works\james1,1,Vice President of Production,1/7/1983,S,M,2/3/2009,TRUE,64,52,TRUE,7,1,2/3/2009,,2/3/2009,84.1346,2,Production,Manufacturing,james1@adventure-works.com,870-555-0122,3,2
26,EM,,Peter,J,Krebs,,0,adventure-works\peter0,2,Production Control Manager,11/3/1982,M,M,12/1/2008,TRUE,43,41,TRUE,8,1,12/1/2008,,12/1/2008,24.5192,2,Production Control,Manufacturing,peter0@adventure-works.com,913-555-0196,3,2
27,EM,,Jo,A,Brown,,0,adventure-works\jo0,3,Production Supervisor - WC60,10/8/1956,S,F,2/27/2008,FALSE,80,60,TRUE,7,1,2/27/2008,,2/27/2008,25,2,Production,Manufacturing,jo0@adventure-works.com,632-555-0129,1,2
28,EM,,Guy,R,Gilbert,,0,adventure-works\guy1,4,Production Technician - WC60,3/13/1988,M,M,6/30/2006,FALSE,21,30,TRUE,7,1,6/30/2006,,6/30/2006,12.45,1,Production,Manufacturing,guy1@adventure-works.com,320-555-0195,3,2
29,EM,,Mark,K,McArthur,,1,adventure-works\mark1,4,Production Technician - WC60,9/25/1979,S,M,1/23/2009,FALSE,19,29,TRUE,7,1,1/23/2009,,1/23/2009,12.45,1,Production,Manufacturing,mark1@adventure-works.com,417-555-0154,3,2
30,EM,,Britta,L,Simon,,0,adventure-works\britta0,4,Production Technician - WC60,9/28/1989,M,F,1/29/2009,FALSE,14,27,TRUE,7,1,1/29/2009,,1/29/2009,12.45,1,Production,Manufacturing,britta0@adventure-works.com,955-555-0169,1,2
31,EM,,Margie,W,Shoop,,2,adventure-works\margie0,4,Production Technician - WC60,5/20/1986,M,F,1/4/2009,FALSE,18,29,TRUE,7,1,1/4/2009,,1/4/2009,12.45,1,Production,Manufacturing,margie0@adventure-works.com,818-555-0128,1,2
32,EM,,Rebecca,A,Laszlo,,1,adventure-works\rebecca0,4,Production Technician - WC60,7/10/1977,M,F,12/29/2008,FALSE,23,31,TRUE,7,1,12/29/2008,,12/29/2008,12.45,1,Production,Manufacturing,rebecca0@adventure-works.com,314-555-0113,1,2
33,EM,,Annik,O,Stahl,,0,adventure-works\annik0,4,Production Technician - WC60,12/26/1976,M,M,12/17/2008,FALSE,17,28,TRUE,7,1,12/17/2008,,12/17/2008,12.45,1,Production,Manufacturing,annik0@adventure-works.com,499-555-0125,3,2
34,EM,,Suchitra,O,Mohan,,2,adventure-works\suchitra0,4,Production Technician - WC60,6/10/1987,M,F,2/16/2009,FALSE,15,27,TRUE,7,1,2/16/2009,,2/16/2009,12.45,1,Production,Manufacturing,suchitra0@adventure-works.com,753-555-0129,1,2
35,EM,,Brandon,G,Heidepriem,,1,adventure-works\brandon0,4,Production Technician - WC60,1/10/1977,M,M,2/8/2009,FALSE,22,31,TRUE,7,1,2/8/2009,,2/8/2009,12.45,1,Production,Manufacturing,brandon0@adventure-works.com,429-555-0137,1,2
36,EM,,Jose,R,Lugo,,2,adventure-works\jose0,4,Production Technician - WC60,7/31/1984,M,M,2/10/2009,FALSE,20,30,TRUE,7,1,2/10/2009,,2/10/2009,12.45,1,Production,Manufacturing,jose0@adventure-works.com,587-555-0115,1,2
37,EM,,Chris,O,Okelberry,,0,adventure-works\chris2,4,Production Technician - WC60,8/7/1986,S,M,3/7/2009,FALSE,16,28,TRUE,7,1,3/7/2009,,3/7/2009,12.45,1,Production,Manufacturing,chris2@adventure-works.com,315-555-0144,1,2
38,EM,,Kim,B,Abercrombie,,2,adventure-works\kim1,4,Production Technician - WC60,12/14/1966,M,F,1/16/2010,FALSE,24,32,TRUE,7,1,1/16/2010,,1/16/2010,12.45,1,Production,Manufacturing,kim1@adventure-works.com,208-555-0114,1,2
39,EM,,Ed,R,Dudenhoefer,,0,adventure-works\ed0,4,Production Technician - WC60,9/11/1971,S,M,2/5/2010,FALSE,25,32,TRUE,7,1,2/5/2010,,2/5/2010,12.45,1,Production,Manufacturing,ed0@adventure-works.com,919-555-0140,3,2
40,EM,,JoLynn,M,Dobney,,1,adventure-works\jolynn0,3,Production Supervisor - WC60,1/16/1956,S,F,12/26/2007,FALSE,82,61,TRUE,7,3,12/26/2007,,12/26/2007,25,2,Production,Manufacturing,jolynn0@adventure-works.com,903-555-0145,3,2
41,EM,,Bryan,,Baker,,0,adventure-works\bryan0,4,Production Technician - WC60,8/27/1973,S,M,1/21/2009,FALSE,35,37,TRUE,7,3,1/21/2009,,1/21/2009,12.45,1,Production,Manufacturing,bryan0@adventure-works.com,712-555-0113,1,2
42,EM,,James,D,Kramer,,2,adventure-works\james0,4,Production Technician - WC60,7/25/1984,M,M,12/27/2008,FALSE,39,39,TRUE,7,3,12/27/2008,,12/27/2008,12.45,1,Production,Manufacturing,james0@adventure-works.com,119-555-0117,1,2
43,EM,,Nancy,A,Anderson,,1,adventure-works\nancy0,4,Production Technician - WC60,11/19/1988,M,F,1/2/2009,FALSE,34,37,TRUE,7,3,1/2/2009,,1/2/2009,12.45,1,Production,Manufacturing,nancy0@adventure-works.com,970-555-0118,1,2
44,EM,,Simon,D,Rapier,,0,adventure-works\simon0,4,Production Technician - WC60,5/17/1990,S,M,12/8/2008,FALSE,38,39,TRUE,7,3,12/8/2008,,12/8/2008,12.45,1,Production,Manufacturing,simon0@adventure-works.com,963-555-0134,3,2
45,EM,,Thomas,R,Michaels,,1,adventure-works\thomas0,4,Production Technician - WC60,1/10/1986,M,M,2/26/2009,FALSE,37,38,TRUE,7,3,2/26/2009,,2/26/2009,12.45,1,Production,Manufacturing,thomas0@adventure-works.com,278-555-0118,1,2
46,EM,,Eugene,O,Kogan,,0,adventure-works\eugene1,4,Production Technician - WC60,2/10/1976,S,M,2/8/2009,FALSE,36,38,TRUE,7,3,2/8/2009,,2/8/2009,12.45,1,Production,Manufacturing,eugene1@adventure-works.com,173-555-0179,1,2
47,EM,,Andrew,R,Hill,,1,adventure-works\andrew0,3,Production Supervisor - WC10,9/6/1988,S,M,2/22/2009,FALSE,65,52,TRUE,7,1,2/22/2009,,2/22/2009,25,2,Production,Manufacturing,andrew0@adventure-works.com,908-555-0159,1,2
48,EM,,Ruth,Ann,Ellerbrock,,0,adventure-works\ruth0,4,Production Technician - WC10,6/4/1956,M,F,1/6/2008,FALSE,83,61,TRUE,7,1,1/6/2008,,1/6/2008,13.45,1,Production,Manufacturing,ruth0@adventure-works.com,145-555-0130,1,2
49,EM,,Barry,K,Johnson,,0,adventure-works\barry0,4,Production Technician - WC10,3/26/1956,S,M,1/7/2008,FALSE,88,64,TRUE,7,1,1/7/2008,,1/7/2008,13.45,1,Production,Manufacturing,barry0@adventure-works.com,206-555-0180,3,2
50,EM,,Sidney,M,Higa,,0,adventure-works\sidney0,4,Production Technician - WC10,8/30/1956,M,M,2/2/2008,FALSE,84,62,TRUE,7,1,2/2/2008,,2/2/2008,13.45,1,Production,Manufacturing,sidney0@adventure-works.com,424-555-0189,3,2
51,EM,,Jeffrey,L,Ford,,0,adventure-works\jeffrey0,4,Production Technician - WC10,7/11/1956,S,M,2/20/2008,FALSE,85,62,TRUE,7,1,2/20/2008,,2/20/2008,13.45,1,Production,Manufacturing,jeffrey0@adventure-works.com,984-555-0185,3,2
52,EM,,Doris,M,Hartwig,,0,adventure-works\doris0,4,Production Technician - WC10,4/4/1956,M,F,3/10/2008,FALSE,86,63,TRUE,7,1,3/10/2008,,3/10/2008,13.45,1,Production,Manufacturing,doris0@adventure-works.com,328-555-0150,1,2
53,EM,,Diane,R,Glimp,,2,adventure-works\diane0,4,Production Technician - WC10,3/29/1956,M,F,3/28/2008,FALSE,87,63,TRUE,7,1,3/28/2008,,3/28/2008,13.45,1,Production,Manufacturing,diane0@adventure-works.com,202-555-0151,1,2
54,EM,,Bonnie,N,Kearney,,0,adventure-works\bonnie0,4,Production Technician - WC10,9/10/1986,M,F,1/1/2010,FALSE,89,64,TRUE,7,1,1/1/2010,,1/1/2010,13.45,1,Production,Manufacturing,bonnie0@adventure-works.com,264-555-0150,3,2
55,EM,,Taylor,R,Maxwell,,0,adventure-works\taylor0,3,Production Supervisor - WC50,4/1/1956,M,M,2/8/2008,FALSE,79,59,TRUE,7,3,2/8/2008,,2/8/2008,25,2,Production,Manufacturing,taylor0@adventure-works.com,508-555-0165,3,2
56,EM,,Denise,H,Smith,,0,adventure-works\denise0,4,Production Technician - WC50,7/6/1988,M,F,2/5/2009,FALSE,9,24,TRUE,7,3,2/5/2009,,2/5/2009,11,1,Production,Manufacturing,denise0@adventure-works.com,869-555-0119,1,2
57,EM,,Frank,T,Miller,,1,adventure-works\frank1,4,Production Technician - WC50,7/24/1971,S,M,2/23/2009,FALSE,10,25,TRUE,7,3,2/23/2009,,2/23/2009,11,1,Production,Manufacturing,frank1@adventure-works.com,167-555-0139,3,2
58,EM,,Kendall,C,Keil,,2,adventure-works\kendall0,4,Production Technician - WC50,5/30/1986,M,M,12/5/2008,FALSE,11,25,TRUE,7,3,12/5/2008,,12/5/2008,11,1,Production,Manufacturing,kendall0@adventure-works.com,138-555-0128,3,2
59,EM,,Bob,N,Hohman,,0,adventure-works\bob0,4,Production Technician - WC50,8/16/1979,S,M,12/24/2008,FALSE,12,26,TRUE,7,3,12/24/2008,,12/24/2008,11,1,Production,Manufacturing,bob0@adventure-works.com,611-555-0116,3,2
60,EM,,Pete,C,Male,,2,adventure-works\pete0,4,Production Technician - WC50,2/3/1977,S,M,1/11/2009,FALSE,13,26,TRUE,7,3,1/11/2009,,1/11/2009,11,1,Production,Manufacturing,pete0@adventure-works.com,768-555-0123,1,2
61,EM,,Diane,H,Tibbott,,0,adventure-works\diane2,4,Production Technician - WC50,8/9/1989,S,F,1/18/2009,FALSE,8,24,TRUE,7,3,1/18/2009,,1/18/2009,11,1,Production,Manufacturing,diane2@adventure-works.com,361-555-0180,3,2
62,EM,,John,T,Campbell,,1,adventure-works\john0,3,Production Supervisor - WC60,8/7/1956,M,M,3/17/2008,FALSE,81,60,TRUE,7,2,3/17/2008,,3/17/2008,25,2,Production,Manufacturing,john0@adventure-works.com,435-555-0113,3,2
63,EM,,Maciej,W,Dusza,,0,adventure-works\maciej0,4,Production Technician - WC60,1/30/1955,S,M,1/29/2010,FALSE,30,35,TRUE,7,2,1/29/2010,,1/29/2010,12.45,1,Production,Manufacturing,maciej0@adventure-works.com,237-555-0128,1,2
64,EM,,Michael,J,Zwilling,,1,adventure-works\michael7,4,Production Technician - WC60,9/5/1973,S,M,2/23/2010,FALSE,26,33,TRUE,7,2,2/23/2010,,2/23/2010,12.45,1,Production,Manufacturing,michael7@adventure-works.com,582-555-0148,1,2
65,EM,,Randy,T,Reeves,,0,adventure-works\randy0,4,Production Technician - WC60,4/28/1970,M,M,2/23/2010,FALSE,29,34,TRUE,7,2,2/23/2010,,2/23/2010,12.45,1,Production,Manufacturing,randy0@adventure-works.com,961-555-0122,1,2
66,EM,,Karan,R,Khanna,,1,adventure-works\karan0,4,Production Technician - WC60,3/7/1970,S,M,12/22/2009,FALSE,28,34,TRUE,7,2,12/22/2009,,12/22/2009,12.45,1,Production,Manufacturing,karan0@adventure-works.com,447-555-0186,3,2
67,EM,,Jay,G,Adams,,0,adventure-works\jay0,4,Production Technician - WC60,2/11/1976,S,M,3/5/2009,FALSE,32,36,TRUE,7,2,3/5/2009,,3/5/2009,12.45,1,Production,Manufacturing,jay0@adventure-works.com,407-555-0165,3,2
68,EM,,Charles,B,Fitzgerald,,2,adventure-works\charles0,4,Production Technician - WC60,9/2/1971,S,M,12/3/2009,FALSE,27,33,TRUE,7,2,12/3/2009,,12/3/2009,12.45,1,Production,Manufacturing,charles0@adventure-works.com,931-555-0118,3,2
69,EM,,Steve,F,Masters,,1,adventure-works\steve0,4,Production Technician - WC60,4/6/1991,S,M,2/15/2009,FALSE,31,35,TRUE,7,2,2/15/2009,,2/15/2009,12.45,1,Production,Manufacturing,steve0@adventure-works.com,712-555-0170,3,2
70,EM,,David,J,Ortiz,,0,adventure-works\david2,4,Production Technician - WC60,12/29/1984,M,M,12/15/2008,FALSE,33,36,TRUE,7,2,12/15/2008,,12/15/2008,12.45,1,Production,Manufacturing,david2@adventure-works.com,712-555-0119,3,2
71,EM,,Michael,Sean,Ray,,2,adventure-works\michael3,3,Production Supervisor - WC30,1/29/1989,S,M,2/15/2009,FALSE,70,55,TRUE,7,3,2/15/2009,,2/15/2009,25,2,Production,Manufacturing,michael3@adventure-works.com,156-555-0199,1,2
72,EM,,Steven,T,Selikoff,,2,adventure-works\steven0,4,Production Technician - WC30,5/14/1977,M,M,12/1/2008,FALSE,41,40,TRUE,7,3,12/1/2008,,12/1/2008,9.5,1,Production,Manufacturing,steven0@adventure-works.com,925-555-0114,3,2
73,EM,,Carole,M,Poland,,2,adventure-works\carole0,4,Production Technician - WC30,10/19/1983,M,F,12/19/2008,FALSE,42,41,TRUE,7,3,12/19/2008,,12/19/2008,9.5,1,Production,Manufacturing,carole0@adventure-works.com,688-555-0192,1,2
74,EM,,Bjorn,M,Rettig,,1,adventure-works\bjorn0,4,Production Technician - WC30,11/6/1989,S,M,1/7/2009,FALSE,43,41,TRUE,7,3,1/7/2009,,1/7/2009,9.5,1,Production,Manufacturing,bjorn0@adventure-works.com,199-555-0117,3,2
75,EM,,Michiko,F,Osada,,0,adventure-works\michiko0,4,Production Technician - WC30,6/27/1982,S,M,1/26/2009,FALSE,44,42,TRUE,7,3,1/26/2009,,1/26/2009,9.5,1,Production,Manufacturing,michiko0@adventure-works.com,984-555-0148,3,2
76,EM,,Carol,M,Philips,,2,adventure-works\carol0,4,Production Technician - WC30,10/17/1988,M,F,2/12/2009,FALSE,45,42,TRUE,7,3,2/12/2009,,2/12/2009,9.5,1,Production,Manufacturing,carol0@adventure-works.com,609-555-0153,1,2
77,EM,,Merav,A,Netz,,0,adventure-works\merav0,4,Production Technician - WC30,5/13/1983,M,F,3/3/2009,FALSE,46,43,TRUE,7,3,3/3/2009,,3/3/2009,9.5,1,Production,Manufacturing,merav0@adventure-works.com,224-555-0187,3,2
78,EM,,Reuben,H,D'sa,,2,adventure-works\reuben0,3,Production Supervisor - WC40,8/27/1987,M,M,12/15/2008,FALSE,72,56,TRUE,7,2,12/15/2008,,12/15/2008,25,2,Production,Manufacturing,reuben0@adventure-works.com,191-555-0112,3,2
79,EM,,Eric,L,Brown,,0,adventure-works\eric1,4,Production Technician - WC40,12/8/1966,M,M,1/24/2010,FALSE,60,50,TRUE,7,2,1/24/2010,,1/24/2010,15,1,Production,Manufacturing,eric1@adventure-works.com,680-555-0118,1,2
80,EM,,Sandeep,P,Kaliyath,,2,adventure-works\sandeep0,4,Production Technician - WC40,12/3/1970,S,M,1/17/2010,FALSE,65,52,TRUE,7,2,1/17/2010,,1/17/2010,15,1,Production,Manufacturing,sandeep0@adventure-works.com,166-555-0156,3,2
81,EM,,Mihail,U,Frintu,,0,adventure-works\mihail0,4,Production Technician - WC40,3/9/1971,S,M,12/29/2009,FALSE,64,52,TRUE,7,2,12/29/2009,,12/29/2009,15,1,Production,Manufacturing,mihail0@adventure-works.com,733-555-0128,3,2
82,EM,,Jack,T,Creasey,,0,adventure-works\jack1,4,Production Technician - WC40,8/29/1973,S,M,3/3/2010,FALSE,62,51,TRUE,7,2,3/3/2010,,3/3/2010,15,1,Production,Manufacturing,jack1@adventure-works.com,521-555-0113,1,2
83,EM,,Patrick,M,Cook,,0,adventure-works\patrick1,4,Production Technician - WC40,12/23/1973,M,M,2/12/2010,FALSE,61,50,TRUE,7,2,2/12/2010,,2/12/2010,15,1,Production,Manufacturing,patrick1@adventure-works.com,425-555-0117,1,2
84,EM,,Frank,R,Martinez,,1,adventure-works\frank3,4,Production Technician - WC40,3/2/1952,M,M,2/5/2010,FALSE,66,53,TRUE,7,2,2/5/2010,,2/5/2010,15,1,Production,Manufacturing,frank3@adventure-works.com,203-555-0196,3,2
85,EM,,Brian,Richard,Goldstein,,0,adventure-works\brian2,4,Production Technician - WC40,12/23/1970,S,M,12/11/2009,FALSE,63,51,TRUE,7,2,12/11/2009,,12/11/2009,15,1,Production,Manufacturing,brian2@adventure-works.com,730-555-0117,1,2
86,EM,,Ryan,L,Cornelsen,,2,adventure-works\ryan0,4,Production Technician - WC40,6/13/1972,M,M,1/5/2009,FALSE,59,49,TRUE,7,2,1/5/2009,,1/5/2009,15,1,Production,Manufacturing,ryan0@adventure-works.com,208-555-0114,3,2
87,EM,,Cristian,K,Petculescu,,1,adventure-works\cristian0,3,Production Supervisor - WC10,4/11/1984,M,M,12/22/2008,FALSE,67,53,TRUE,7,3,12/22/2008,,12/22/2008,25,2,Production,Manufacturing,cristian0@adventure-works.com,434-555-0133,1,2
88,EM,,Betsy,A,Stadick,,0,adventure-works\betsy0,4,Production Technician - WC10,12/17/1966,S,F,12/18/2009,FALSE,99,69,TRUE,7,3,12/18/2009,,12/18/2009,13.45,1,Production,Manufacturing,betsy0@adventure-works.com,405-555-0171,1,2
89,EM,,Patrick,C,Wedge,,0,adventure-works\patrick0,4,Production Technician - WC10,9/10/1986,S,M,2/1/2010,FALSE,96,68,TRUE,7,3,2/1/2010,,2/1/2010,13.45,1,Production,Manufacturing,patrick0@adventure-works.com,413-555-0124,1,2
90,EM,,Danielle,C,Tiedt,,1,adventure-works\danielle0,4,Production Technician - WC10,9/7/1986,S,F,2/20/2010,FALSE,97,68,TRUE,7,3,2/20/2010,,2/20/2010,13.45,1,Production,Manufacturing,danielle0@adventure-works.com,500-555-0172,1,2
91,EM,,Kimberly,B,Zimmerman,,0,adventure-works\kimberly0,4,Production Technician - WC10,9/13/1986,S,F,1/12/2010,FALSE,95,67,TRUE,7,3,1/12/2010,,1/12/2010,13.45,1,Production,Manufacturing,kimberly0@adventure-works.com,123-555-0167,3,2
92,EM,,Tom,M,Vande Velde,,0,adventure-works\tom0,4,Production Technician - WC10,10/1/1986,M,M,3/10/2010,FALSE,98,69,TRUE,7,3,3/10/2010,,3/10/2010,13.45,1,Production,Manufacturing,tom0@adventure-works.com,295-555-0161,3,2
93,EM,,Kok-Ho,T,Loh,,2,adventure-works\kok-ho0,3,Production Supervisor - WC50,4/28/1980,S,M,12/27/2008,FALSE,78,59,TRUE,7,2,12/27/2008,,12/27/2008,25,2,Production,Manufacturing,kok-ho0@adventure-works.com,999-555-0155,3,2
94,EM,,Russell,,Hunter,,1,adventure-works\russell0,4,Production Technician - WC50,11/25/1972,M,M,12/12/2008,FALSE,6,23,TRUE,7,2,12/12/2008,,12/12/2008,11,1,Production,Manufacturing,russell0@adventure-works.com,786-555-0144,3,2
95,EM,,Jim,H,Scardelis,,2,adventure-works\jim0,4,Production Technician - WC50,9/8/1986,M,M,12/19/2008,FALSE,1,20,TRUE,7,2,12/19/2008,,12/19/2008,11,1,Production,Manufacturing,jim0@adventure-works.com,679-555-0113,3,2
96,EM,,Elizabeth,I,Keyser,,0,adventure-works\elizabeth0,4,Production Technician - WC50,1/25/1990,M,F,3/2/2009,FALSE,5,22,TRUE,7,2,3/2/2009,,3/2/2009,11,1,Production,Manufacturing,elizabeth0@adventure-works.com,318-555-0137,1,2
97,EM,,Mandar,H,Samant,,0,adventure-works\mandar0,4,Production Technician - WC50,3/21/1986,S,M,2/10/2009,FALSE,0,20,TRUE,7,2,2/10/2009,,2/10/2009,11,1,Production,Manufacturing,mandar0@adventure-works.com,140-555-0132,3,2
98,EM,,Sameer,A,Tejani,,0,adventure-works\sameer0,4,Production Technician - WC50,6/26/1978,M,M,2/11/2009,FALSE,4,22,TRUE,7,2,2/11/2009,,2/11/2009,11,1,Production,Manufacturing,sameer0@adventure-works.com,990-555-0172,1,2
99,EM,,Nuan,,Yu,,0,adventure-works\nuan0,4,Production Technician - WC50,3/29/1979,S,M,1/6/2009,FALSE,2,21,TRUE,7,2,1/6/2009,,1/6/2009,11,1,Production,Manufacturing,nuan0@adventure-works.com,913-555-0184,1,2
100,EM,,Lolan,B,Song,,1,adventure-works\lolan0,4,Production Technician - WC50,1/24/1973,M,M,1/12/2009,FALSE,7,23,TRUE,7,2,1/12/2009,,1/12/2009,11,1,Production,Manufacturing,lolan0@adventure-works.com,582-555-0178,1,2
101,EM,,Houman,N,Pournasseh,,2,adventure-works\houman0,4,Production Technician - WC50,8/30/1971,M,M,1/25/2009,FALSE,3,21,TRUE,7,2,1/25/2009,,1/25/2009,11,1,Production,Manufacturing,houman0@adventure-works.com,180-555-0136,1,2
102,EM,,Zheng,W,Mu,,0,adventure-works\zheng0,3,Production Supervisor - WC10,10/26/1983,S,M,12/3/2008,FALSE,66,53,TRUE,7,2,12/3/2008,,12/3/2008,25,2,Production,Manufacturing,zheng0@adventure-works.com,113-555-0173,1,2
103,EM,,Ebru,N,Ersan,,2,adventure-works\ebru0,4,Production Technician - WC10,9/22/1986,S,M,12/6/2009,FALSE,93,66,TRUE,7,2,12/6/2009,,12/6/2009,13.45,1,Production,Manufacturing,ebru0@adventure-works.com,202-555-0187,1,2
104,EM,,Mary,R,Baker,,2,adventure-works\mary1,4,Production Technician - WC10,9/19/1986,M,F,12/25/2009,FALSE,94,67,TRUE,7,2,12/25/2009,,12/25/2009,13.45,1,Production,Manufacturing,mary1@adventure-works.com,283-555-0185,3,2
105,EM,,Kevin,M,Homer,,0,adventure-works\kevin2,4,Production Technician - WC10,9/19/1986,S,M,12/25/2009,FALSE,90,65,TRUE,7,2,12/25/2009,,12/25/2009,13.45,1,Production,Manufacturing,kevin2@adventure-works.com,555-555-0113,3,2
106,EM,,John,T,Kane,,1,adventure-works\john4,4,Production Technician - WC10,9/28/1986,S,M,2/27/2010,FALSE,92,66,TRUE,7,2,2/27/2010,,2/27/2010,13.45,1,Production,Manufacturing,john4@adventure-works.com,254-555-0114,3,2
107,EM,,Christopher,E,Hill,,0,adventure-works\christopher0,4,Production Technician - WC10,10/1/1986,M,M,2/8/2010,FALSE,91,65,TRUE,7,2,2/8/2010,,2/8/2010,13.45,1,Production,Manufacturing,christopher0@adventure-works.com,153-555-0166,1,2
108,EM,,Jinghao,K,Liu,,0,adventure-works\jinghao0,3,Production Supervisor - WC50,2/5/1989,S,M,12/8/2008,FALSE,77,58,TRUE,7,1,12/8/2008,,12/8/2008,25,2,Production,Manufacturing,jinghao0@adventure-works.com,794-555-0159,1,2
109,EM,,Alice,O,Ciccu,,1,adventure-works\alice0,4,Production Technician - WC50,1/26/1978,M,F,12/7/2008,FALSE,95,67,TRUE,7,1,12/7/2008,,12/7/2008,11,1,Production,Manufacturing,alice0@adventure-works.com,333-555-0173,1,2
110,EM,,Jun,T,Cao,,0,adventure-works\jun0,4,Production Technician - WC50,7/6/1979,S,M,12/14/2008,FALSE,90,65,TRUE,7,1,12/14/2008,,12/14/2008,11,1,Production,Manufacturing,jun0@adventure-works.com,299-555-0113,3,2
111,EM,,Suroor,R,Fatima,,0,adventure-works\suroor0,4,Production Technician - WC50,2/25/1978,S,M,12/17/2008,FALSE,93,66,TRUE,7,1,12/17/2008,,12/17/2008,11,1,Production,Manufacturing,suroor0@adventure-works.com,932-555-0161,3,2
112,EM,,John,P,Evans,,1,adventure-works\john1,4,Production Technician - WC50,5/31/1978,S,M,1/1/2009,FALSE,91,65,TRUE,7,1,1/1/2009,,1/1/2009,11,1,Production,Manufacturing,john1@adventure-works.com,172-555-0130,1,2
113,EM,,Linda,K,Moschell,,1,adventure-works\linda0,4,Production Technician - WC50,7/17/1987,M,F,12/25/2008,FALSE,96,68,TRUE,7,1,12/25/2008,,12/25/2008,11,1,Production,Manufacturing,linda0@adventure-works.com,612-555-0171,1,2
114,EM,,Mindaugas,J,Krapauskas,,1,adventure-works\mindaugas0,4,Production Technician - WC50,5/7/1978,M,M,1/13/2009,FALSE,97,68,TRUE,7,1,1/13/2009,,1/13/2009,11,1,Production,Manufacturing,mindaugas0@adventure-works.com,637-555-0120,3,2
115,EM,,Angela,W,Barbariol,,2,adventure-works\angela0,4,Production Technician - WC50,5/31/1991,S,F,1/20/2009,FALSE,92,66,TRUE,7,1,1/20/2009,,1/20/2009,11,1,Production,Manufacturing,angela0@adventure-works.com,150-555-0194,1,2
116,EM,,Michael,W,Patten,,0,adventure-works\michael2,4,Production Technician - WC50,5/3/1974,S,M,1/31/2009,FALSE,98,69,TRUE,7,1,1/31/2009,,1/31/2009,11,1,Production,Manufacturing,michael2@adventure-works.com,441-555-0195,3,2
117,EM,,Chad,W,Niswonger,,1,adventure-works\chad0,4,Production Technician - WC50,8/4/1990,M,M,2/18/2009,FALSE,99,69,TRUE,7,1,2/18/2009,,2/18/2009,11,1,Production,Manufacturing,chad0@adventure-works.com,559-555-0175,3,2
118,EM,,Don,L,Hall,,0,adventure-works\don0,4,Production Technician - WC50,6/13/1971,M,M,2/13/2009,FALSE,88,64,TRUE,7,1,2/13/2009,,2/13/2009,11,1,Production,Manufacturing,don0@adventure-works.com,100-555-0174,3,2
119,EM,,Michael,T,Entin,,1,adventure-works\michael4,4,Production Technician - WC50,6/15/1989,S,M,2/25/2009,FALSE,94,67,TRUE,7,1,2/25/2009,,2/25/2009,11,1,Production,Manufacturing,michael4@adventure-works.com,817-555-0186,3,2
120,EM,,Kitti,H,Lertpiriyasuwat,,0,adventure-works\kitti0,4,Production Technician - WC50,6/6/1987,S,F,3/4/2009,FALSE,89,64,TRUE,7,1,3/4/2009,,3/4/2009,11,1,Production,Manufacturing,kitti0@adventure-works.com,785-555-0132,3,2
121,EM,,Pilar,G,Ackerman,,0,adventure-works\pilar0,3,Shipping and Receiving Supervisor,9/9/1972,S,M,1/2/2009,TRUE,93,66,TRUE,15,1,1/2/2009,,1/2/2009,19.2308,2,Shipping and Receiving,Inventory Management,pilar0@adventure-works.com,577-555-0185,3,2
122,EM,,Susan,W,Eaton,,2,adventure-works\susan0,4,Stocker,2/17/1978,S,F,12/7/2008,FALSE,97,68,TRUE,15,2,12/7/2008,,12/7/2008,9,1,Shipping and Receiving,Inventory Management,susan0@adventure-works.com,943-555-0196,3,2
123,EM,,Vamsi,N,Kuppa,,0,adventure-works\vamsi0,4,Shipping and Receiving Clerk,3/18/1977,M,M,12/7/2008,FALSE,95,67,TRUE,15,2,12/7/2008,,12/7/2008,9.5,2,Shipping and Receiving,Inventory Management,vamsi0@adventure-works.com,937-555-0137,3,2
124,EM,,Kim,T,Ralls,,2,adventure-works\kim0,4,Stocker,4/30/1984,S,F,12/26/2008,FALSE,98,69,TRUE,15,3,12/26/2008,,12/26/2008,9,1,Shipping and Receiving,Inventory Management,kim0@adventure-works.com,309-555-0129,3,2
125,EM,,Matthias,T,Berndt,,0,adventure-works\matthias0,4,Shipping and Receiving Clerk,11/11/1973,M,M,1/20/2009,FALSE,94,67,TRUE,15,1,1/20/2009,,1/20/2009,9.5,2,Shipping and Receiving,Inventory Management,matthias0@adventure-works.com,139-555-0120,1,2
126,EM,,Jimmy,T,Bischoff,,0,adventure-works\jimmy0,4,Stocker,5/4/1985,M,M,2/26/2009,FALSE,96,68,TRUE,15,1,2/26/2009,,2/26/2009,9,1,Shipping and Receiving,Inventory Management,jimmy0@adventure-works.com,927-555-0168,1,2
127,EM,,David,P,Hamilton,,1,adventure-works\david4,3,Production Supervisor - WC40,7/2/1983,S,M,1/3/2009,FALSE,73,56,TRUE,7,3,1/3/2009,,1/3/2009,25,2,Production,Manufacturing,david4@adventure-works.com,986-555-0177,1,2
128,EM,,Paul,B,Komosinski,,2,adventure-works\paul0,4,Production Technician - WC40,11/13/1980,S,M,12/4/2008,FALSE,68,54,TRUE,7,3,12/4/2008,,12/4/2008,15,1,Production,Manufacturing,paul0@adventure-works.com,147-555-0160,3,2
129,EM,,Gary,W,Yukish,,0,adventure-works\gary0,4,Production Technician - WC40,5/16/1988,S,M,12/22/2008,FALSE,69,54,TRUE,7,3,12/22/2008,,12/22/2008,15,1,Production,Manufacturing,gary0@adventure-works.com,901-555-0125,1,2
130,EM,,Rob,T,Caron,,0,adventure-works\rob1,4,Production Technician - WC40,8/4/1973,S,M,2/13/2009,FALSE,71,55,TRUE,7,3,2/13/2009,,2/13/2009,15,1,Production,Manufacturing,rob1@adventure-works.com,238-555-0116,3,2
131,EM,,Baris,F,Cetinok,,2,adventure-works\baris0,4,Production Technician - WC40,10/7/1990,S,M,2/15/2009,FALSE,72,56,TRUE,7,3,2/15/2009,,2/15/2009,15,1,Production,Manufacturing,baris0@adventure-works.com,164-555-0114,3,2
132,EM,,Nicole,B,Holliday,,0,adventure-works\nicole0,4,Production Technician - WC40,4/9/1986,M,F,2/22/2009,FALSE,67,53,TRUE,7,3,2/22/2009,,2/22/2009,15,1,Production,Manufacturing,nicole0@adventure-works.com,508-555-0129,1,2
133,EM,,Michael,L,Rothkugel,,2,adventure-works\michael1,4,Production Technician - WC40,1/4/1991,S,M,1/10/2009,FALSE,70,55,TRUE,7,3,1/10/2009,,1/10/2009,15,1,Production,Manufacturing,michael1@adventure-works.com,454-555-0119,3,2
134,EM,,Eric,,Gubbels,,2,adventure-works\eric0,3,Production Supervisor - WC20,1/19/1985,M,M,1/14/2009,FALSE,40,40,TRUE,7,1,1/14/2009,,1/14/2009,25,2,Production,Manufacturing,eric0@adventure-works.com,260-555-0119,1,2
135,EM,,Ivo,William,Salmre,,0,adventure-works\ivo0,4,Production Technician - WC20,1/3/1982,M,M,12/4/2008,FALSE,9,24,TRUE,7,1,12/4/2008,,12/4/2008,14,1,Production,Manufacturing,ivo0@adventure-works.com,115-555-0179,3,2
136,EM,,Sylvester,A,Valdez,,0,adventure-works\sylvester0,4,Production Technician - WC20,11/12/1970,M,M,12/11/2009,FALSE,4,22,TRUE,7,1,12/11/2009,,12/11/2009,14,1,Production,Manufacturing,sylvester0@adventure-works.com,492-555-0174,1,2
137,EM,,Anibal,T,Sousa,,0,adventure-works\anibal0,4,Production Technician - WC20,9/5/1974,S,F,2/23/2009,FALSE,8,24,TRUE,7,1,2/23/2009,,2/23/2009,14,1,Production,Manufacturing,anibal0@adventure-works.com,106-555-0120,3,2
138,EM,,Samantha,H,Smith,,0,adventure-works\samantha0,4,Production Technician - WC20,11/22/1987,M,F,2/4/2009,FALSE,7,23,TRUE,7,1,2/4/2009,,2/4/2009,14,1,Production,Manufacturing,samantha0@adventure-works.com,587-555-0114,1,2
139,EM,Mr.,Hung-Fu,T,Ting,,0,adventure-works\hung-fu0,4,Production Technician - WC20,10/23/1971,S,M,1/6/2010,FALSE,0,20,TRUE,7,1,1/6/2010,,1/6/2010,14,1,Production,Manufacturing,hung-fu0@adventure-works.com,497-555-0181,1,2
140,EM,,Prasanna,E,Samarawickrama,,1,adventure-works\prasanna0,4,Production Technician - WC20,4/30/1953,M,M,1/22/2010,FALSE,5,22,TRUE,7,1,1/22/2010,,1/22/2010,14,1,Production,Manufacturing,prasanna0@adventure-works.com,129-555-0199,1,2
141,EM,,Min,G,Su,,0,adventure-works\min0,4,Production Technician - WC20,9/10/1974,M,M,1/24/2010,FALSE,1,20,TRUE,7,1,1/24/2010,,1/24/2010,14,1,Production,Manufacturing,min0@adventure-works.com,590-555-0152,3,2
142,EM,,Olinda,C,Turner,,0,adventure-works\olinda0,4,Production Technician - WC20,4/4/1970,S,F,3/4/2010,FALSE,3,21,TRUE,7,1,3/4/2010,,3/4/2010,14,1,Production,Manufacturing,olinda0@adventure-works.com,306-555-0186,1,2
143,EM,,Krishna,,Sunkammurali,,2,adventure-works\krishna0,4,Production Technician - WC20,9/5/1971,S,M,2/13/2010,FALSE,2,21,TRUE,7,1,2/13/2010,,2/13/2010,14,1,Production,Manufacturing,krishna0@adventure-works.com,491-555-0183,1,2
144,EM,,Paul,R,Singh,,2,adventure-works\paul1,4,Production Technician - WC20,11/4/1990,M,M,1/17/2009,FALSE,6,23,TRUE,7,1,1/17/2009,,1/17/2009,14,1,Production,Manufacturing,paul1@adventure-works.com,727-555-0112,1,2
145,EM,,Cynthia,S,Randall,,0,adventure-works\cynthia0,3,Production Supervisor - WC30,8/18/1981,S,F,1/27/2009,FALSE,69,54,TRUE,7,2,1/27/2009,,1/27/2009,25,2,Production,Manufacturing,cynthia0@adventure-works.com,352-555-0138,1,2
146,EM,,Jian Shuo,,Wang,,0,adventure-works\jianshuo0,4,Production Technician - WC30,6/25/1989,S,M,12/7/2008,FALSE,36,38,TRUE,7,2,12/7/2008,,12/7/2008,9.5,1,Production,Manufacturing,jianshuo0@adventure-works.com,952-555-0178,1,2
147,EM,,Sandra,,Reátegui Alayo,,0,adventure-works\sandra0,4,Production Technician - WC30,11/5/1975,M,F,12/26/2008,FALSE,37,38,TRUE,7,2,12/26/2008,,12/26/2008,9.5,1,Production,Manufacturing,sandra0@adventure-works.com,896-555-0168,3,2
148,EM,,Jason,M,Watters,,0,adventure-works\jason0,4,Production Technician - WC30,12/7/1988,S,M,1/14/2009,FALSE,38,39,TRUE,7,2,1/14/2009,,1/14/2009,9.5,1,Production,Manufacturing,jason0@adventure-works.com,571-555-0179,3,2
149,EM,,Andy,M,Ruth,,1,adventure-works\andy0,4,Production Technician - WC30,10/20/1983,M,M,1/31/2009,FALSE,39,39,TRUE,7,2,1/31/2009,,1/31/2009,9.5,1,Production,Manufacturing,andy0@adventure-works.com,118-555-0110,1,2
150,EM,,Michael,T,Vanderhyde,,2,adventure-works\michael5,4,Production Technician - WC30,9/18/1982,M,M,2/26/2009,FALSE,35,37,TRUE,7,2,2/26/2009,,2/26/2009,9.5,1,Production,Manufacturing,michael5@adventure-works.com,296-555-0121,1,2
151,EM,,Rostislav,E,Shabalin,,2,adventure-works\rostislav0,4,Production Technician - WC30,9/13/1977,M,M,2/19/2009,FALSE,40,40,TRUE,7,2,2/19/2009,,2/19/2009,9.5,1,Production,Manufacturing,rostislav0@adventure-works.com,751-555-0134,1,2
152,EM,,Yuhong,L,Li,,1,adventure-works\yuhong0,3,Production Supervisor - WC20,4/6/1977,M,M,2/1/2009,FALSE,41,40,TRUE,7,2,2/1/2009,,2/1/2009,25,2,Production,Manufacturing,yuhong0@adventure-works.com,965-555-0155,1,2
153,EM,,Hanying,P,Feng,,0,adventure-works\hanying0,4,Production Technician - WC20,10/16/1974,S,M,12/16/2008,FALSE,15,27,TRUE,7,2,12/16/2008,,12/16/2008,14,1,Production,Manufacturing,hanying0@adventure-works.com,319-555-0139,3,2
154,EM,,Raymond,K,Sam,,0,adventure-works\raymond0,4,Production Technician - WC20,3/2/1967,M,M,12/23/2008,FALSE,10,25,TRUE,7,2,12/23/2008,,12/23/2008,14,1,Production,Manufacturing,raymond0@adventure-works.com,226-555-0197,3,2
155,EM,,Fadi,K,Fakhouri,,2,adventure-works\fadi0,4,Production Technician - WC20,2/15/1989,S,M,1/4/2009,FALSE,16,28,TRUE,7,2,1/4/2009,,1/4/2009,14,1,Production,Manufacturing,fadi0@adventure-works.com,935-555-0116,3,2
156,EM,,Lane,M,Sacksteder,,1,adventure-works\lane0,4,Production Technician - WC20,9/23/1974,M,M,1/11/2009,FALSE,11,25,TRUE,7,2,1/11/2009,,1/11/2009,14,1,Production,Manufacturing,lane0@adventure-works.com,200-555-0117,1,2
157,EM,,Linda,A,Randall,,0,adventure-works\linda1,4,Production Technician - WC20,10/5/1977,S,F,2/3/2009,FALSE,12,26,TRUE,7,2,2/3/2009,,2/3/2009,14,1,Production,Manufacturing,linda1@adventure-works.com,696-555-0157,3,2
158,EM,,Shelley,N,Dyck,,0,adventure-works\shelley0,4,Production Technician - WC20,12/8/1986,S,F,3/7/2009,FALSE,14,27,TRUE,7,2,3/7/2009,,3/7/2009,14,1,Production,Manufacturing,shelley0@adventure-works.com,991-555-0184,1,2
159,EM,,Terrence,W,Earls,,1,adventure-works\terrence0,4,Production Technician - WC20,12/8/1984,S,M,2/16/2009,FALSE,13,26,TRUE,7,2,2/16/2009,,2/16/2009,14,1,Production,Manufacturing,terrence0@adventure-works.com,110-555-0115,3,2
160,EM,,Jeff,V,Hay,,1,adventure-works\jeff0,3,Production Supervisor - WC45,1/15/1977,M,M,1/21/2009,FALSE,74,57,TRUE,7,1,1/21/2009,,1/21/2009,25,2,Production,Manufacturing,jeff0@adventure-works.com,350-555-0167,1,2
161,EM,,Kirk,J,Koenigsbauer,,1,adventure-works\kirk0,4,Production Technician - WC45,2/6/1985,S,M,12/15/2008,FALSE,74,57,TRUE,7,1,12/15/2008,,12/15/2008,10,1,Production,Manufacturing,kirk0@adventure-works.com,669-555-0150,3,2
162,EM,,Laura,C,Steele,,0,adventure-works\laura0,4,Production Technician - WC45,12/25/1980,S,F,1/3/2009,FALSE,75,57,TRUE,7,1,1/3/2009,,1/3/2009,10,1,Production,Manufacturing,laura0@adventure-works.com,777-555-0141,3,2
163,EM,,Alex,M,Nayberg,,1,adventure-works\alex0,4,Production Technician - WC45,4/13/1990,M,M,2/8/2009,FALSE,77,58,TRUE,7,1,2/8/2009,,2/8/2009,10,1,Production,Manufacturing,alex0@adventure-works.com,819-555-0198,3,2
164,EM,,Andrew,M,Cencini,,0,adventure-works\andrew1,4,Production Technician - WC45,9/24/1988,S,M,3/6/2009,FALSE,73,56,TRUE,7,1,3/6/2009,,3/6/2009,10,1,Production,Manufacturing,andrew1@adventure-works.com,207-555-0192,1,2
165,EM,,Chris,T,Preston,,0,adventure-works\chris0,4,Production Technician - WC45,12/16/1988,M,M,1/22/2009,FALSE,76,58,TRUE,7,1,1/22/2009,,1/22/2009,10,1,Production,Manufacturing,chris0@adventure-works.com,200-555-0112,1,2
166,EM,,Jack,S,Richins,,0,adventure-works\jack0,3,Production Supervisor - WC30,6/22/1983,S,M,2/21/2009,FALSE,68,54,TRUE,7,1,2/21/2009,,2/21/2009,25,2,Production,Manufacturing,jack0@adventure-works.com,552-555-0111,3,2
167,EM,,David,N,Johnson,,0,adventure-works\david1,4,Production Technician - WC30,11/2/1979,S,M,12/2/2008,FALSE,25,32,TRUE,7,1,12/2/2008,,12/2/2008,6.5,1,Production,Manufacturing,david1@adventure-works.com,166-555-0162,1,2
167,EM,,David,N,Johnson,,0,adventure-works\david1,4,Production Technician - WC30,11/2/1979,S,M,12/2/2008,FALSE,25,32,TRUE,7,1,12/2/2008,,12/1/2011,7.25,1,Production,Manufacturing,david1@adventure-works.com,166-555-0162,1,2
167,EM,,David,N,Johnson,,0,adventure-works\david1,4,Production Technician - WC30,11/2/1979,S,M,12/2/2008,FALSE,25,32,TRUE,7,1,12/2/2008,,7/14/2013,9.5,1,Production,Manufacturing,david1@adventure-works.com,166-555-0162,1,2
168,EM,,Garrett,R,Young,,2,adventure-works\garrett0,4,Production Technician - WC30,8/25/1984,S,M,12/7/2008,FALSE,34,37,TRUE,7,1,12/7/2008,,12/7/2008,9.5,1,Production,Manufacturing,garrett0@adventure-works.com,609-555-0179,3,2
169,EM,,Susan,A,Metters,,1,adventure-works\susan1,4,Production Technician - WC30,4/2/1983,S,F,12/14/2008,FALSE,31,35,TRUE,7,1,12/14/2008,,12/14/2008,9.5,1,Production,Manufacturing,susan1@adventure-works.com,639-555-0164,1,2
170,EM,,George,Z,Li,,0,adventure-works\george0,4,Production Technician - WC30,4/16/1977,M,M,12/21/2008,FALSE,26,33,TRUE,7,1,12/21/2008,,12/21/2008,6.5,1,Production,Manufacturing,george0@adventure-works.com,518-555-0199,1,2
170,EM,,George,Z,Li,,0,adventure-works\george0,4,Production Technician - WC30,4/16/1977,M,M,12/21/2008,FALSE,26,33,TRUE,7,1,12/21/2008,,12/1/2011,7.25,1,Production,Manufacturing,george0@adventure-works.com,518-555-0199,1,2
170,EM,,George,Z,Li,,0,adventure-works\george0,4,Production Technician - WC30,4/16/1977,M,M,12/21/2008,FALSE,26,33,TRUE,7,1,12/21/2008,,7/14/2013,9.5,1,Production,Manufacturing,george0@adventure-works.com,518-555-0199,1,2
171,EM,,David,A,Yalovsky,,1,adventure-works\david3,4,Production Technician - WC30,8/3/1981,S,M,1/2/2009,FALSE,32,36,TRUE,7,1,1/2/2009,,1/2/2009,9.5,1,Production,Manufacturing,david3@adventure-works.com,373-555-0142,3,2
172,EM,,Marc,J,Ingle,,2,adventure-works\marc0,4,Production Technician - WC30,10/24/1986,M,M,1/16/2009,FALSE,22,31,TRUE,7,1,1/16/2009,,1/16/2009,6.5,1,Production,Manufacturing,marc0@adventure-works.com,234-555-0169,1,2
172,EM,,Marc,J,Ingle,,2,adventure-works\marc0,4,Production Technician - WC30,10/24/1986,M,M,1/16/2009,FALSE,22,31,TRUE,7,1,1/16/2009,,12/1/2011,7.25,1,Production,Manufacturing,marc0@adventure-works.com,234-555-0169,1,2
172,EM,,Marc,J,Ingle,,2,adventure-works\marc0,4,Production Technician - WC30,10/24/1986,M,M,1/16/2009,FALSE,22,31,TRUE,7,1,1/16/2009,,7/14/2013,9.5,1,Production,Manufacturing,marc0@adventure-works.com,234-555-0169,1,2
173,EM,,Eugene,R,Zabokritski,,0,adventure-works\eugene0,4,Production Technician - WC30,7/15/1987,S,M,1/21/2009,FALSE,33,36,TRUE,7,1,1/21/2009,,1/21/2009,9.5,1,Production,Manufacturing,eugene0@adventure-works.com,241-555-0191,1,2
174,EM,,Benjamin,R,Martin,,2,adventure-works\benjamin0,4,Production Technician - WC30,1/5/1986,S,M,1/27/2009,FALSE,28,34,TRUE,7,1,1/27/2009,,1/27/2009,6.75,1,Production,Manufacturing,benjamin0@adventure-works.com,533-555-0111,1,2
174,EM,,Benjamin,R,Martin,,2,adventure-works\benjamin0,4,Production Technician - WC30,1/5/1986,S,M,1/27/2009,FALSE,28,34,TRUE,7,1,1/27/2009,,12/1/2011,7.25,1,Production,Manufacturing,benjamin0@adventure-works.com,533-555-0111,1,2
174,EM,,Benjamin,R,Martin,,2,adventure-works\benjamin0,4,Production Technician - WC30,1/5/1986,S,M,1/27/2009,FALSE,28,34,TRUE,7,1,1/27/2009,,7/14/2013,9.5,1,Production,Manufacturing,benjamin0@adventure-works.com,533-555-0111,1,2
175,EM,,Reed,T,Koch,,0,adventure-works\reed0,4,Production Technician - WC30,1/8/1989,M,M,2/2/2009,FALSE,23,31,TRUE,7,1,2/2/2009,,2/2/2009,6.5,1,Production,Manufacturing,reed0@adventure-works.com,678-555-0110,3,2
175,EM,,Reed,T,Koch,,0,adventure-works\reed0,4,Production Technician - WC30,1/8/1989,M,M,2/2/2009,FALSE,23,31,TRUE,7,1,2/2/2009,,12/1/2011,7.25,1,Production,Manufacturing,reed0@adventure-works.com,678-555-0110,3,2
175,EM,,Reed,T,Koch,,0,adventure-works\reed0,4,Production Technician - WC30,1/8/1989,M,M,2/2/2009,FALSE,23,31,TRUE,7,1,2/2/2009,,7/14/2013,9.5,1,Production,Manufacturing,reed0@adventure-works.com,678-555-0110,3,2
176,EM,,David,Oliver,Lawrence,,0,adventure-works\david7,4,Production Technician - WC30,9/23/1985,M,M,2/14/2009,FALSE,29,34,TRUE,7,1,2/14/2009,,2/14/2009,6.5,1,Production,Manufacturing,david7@adventure-works.com,118-555-0177,3,2
176,EM,,David,Oliver,Lawrence,,0,adventure-works\david7,4,Production Technician - WC30,9/23/1985,M,M,2/14/2009,FALSE,29,34,TRUE,7,1,2/14/2009,,12/1/2011,7.25,1,Production,Manufacturing,david7@adventure-works.com,118-555-0177,3,2
176,EM,,David,Oliver,Lawrence,,0,adventure-works\david7,4,Production Technician - WC30,9/23/1985,M,M,2/14/2009,FALSE,29,34,TRUE,7,1,2/14/2009,,7/14/2013,9.5,1,Production,Manufacturing,david7@adventure-works.com,118-555-0177,3,2
177,EM,,Russell,M,King,,0,adventure-works\russell1,4,Production Technician - WC30,2/11/1982,M,M,2/21/2009,FALSE,24,32,TRUE,7,1,2/21/2009,,2/21/2009,6.5,1,Production,Manufacturing,russell1@adventure-works.com,517-555-0122,3,2
177,EM,,Russell,M,King,,0,adventure-works\russell1,4,Production Technician - WC30,2/11/1982,M,M,2/21/2009,FALSE,24,32,TRUE,7,1,2/21/2009,,12/1/2011,7.25,1,Production,Manufacturing,russell1@adventure-works.com,517-555-0122,3,2
177,EM,,Russell,M,King,,0,adventure-works\russell1,4,Production Technician - WC30,2/11/1982,M,M,2/21/2009,FALSE,24,32,TRUE,7,1,2/21/2009,,7/14/2013,9.5,1,Production,Manufacturing,russell1@adventure-works.com,517-555-0122,3,2
178,EM,,John,N,Frum,,2,adventure-works\john3,4,Production Technician - WC30,3/24/1982,S,M,3/3/2009,FALSE,27,33,TRUE,7,1,3/3/2009,,3/3/2009,6.5,1,Production,Manufacturing,john3@adventure-works.com,663-555-0172,1,2
178,EM,,John,N,Frum,,2,adventure-works\john3,4,Production Technician - WC30,3/24/1982,S,M,3/3/2009,FALSE,27,33,TRUE,7,1,3/3/2009,,12/1/2011,7,1,Production,Manufacturing,john3@adventure-works.com,663-555-0172,1,2
178,EM,,John,N,Frum,,2,adventure-works\john3,4,Production Technician - WC30,3/24/1982,S,M,3/3/2009,FALSE,27,33,TRUE,7,1,3/3/2009,,7/14/2013,9.5,1,Production,Manufacturing,john3@adventure-works.com,663-555-0172,1,2
179,EM,,Jan,S,Miksovsky,,0,adventure-works\jan0,4,Production Technician - WC30,11/15/1974,S,M,3/5/2009,FALSE,30,35,TRUE,7,1,3/5/2009,,3/5/2009,9.5,1,Production,Manufacturing,jan0@adventure-works.com,139-555-0131,3,2
180,EM,,Katie,L,McAskill-White,,2,adventure-works\katie0,3,Production Supervisor - WC20,11/18/1984,S,F,2/20/2009,FALSE,42,41,TRUE,7,3,2/20/2009,,2/20/2009,25,2,Production,Manufacturing,katie0@adventure-works.com,809-555-0133,3,2
181,EM,,Michael,T,Hines,,0,adventure-works\michael0,4,Production Technician - WC20,11/17/1984,S,M,12/9/2008,FALSE,20,30,TRUE,7,3,12/9/2008,,12/9/2008,14,1,Production,Manufacturing,michael0@adventure-works.com,218-555-0126,3,2
182,EM,,Nitin,S,Mirchandani,,0,adventure-works\nitin0,4,Production Technician - WC20,12/1/1986,S,M,12/28/2008,FALSE,21,30,TRUE,7,3,12/28/2008,,12/28/2008,14,1,Production,Manufacturing,nitin0@adventure-works.com,143-555-0173,1,2
183,EM,,Barbara,S,Decker,,0,adventure-works\barbara0,4,Production Technician - WC20,7/2/1979,M,F,1/22/2009,FALSE,17,28,TRUE,7,3,1/22/2009,,1/22/2009,14,1,Production,Manufacturing,barbara0@adventure-works.com,119-555-0192,1,2
184,EM,,John,Y,Chen,,2,adventure-works\john2,4,Production Technician - WC20,4/5/1986,M,M,2/9/2009,FALSE,18,29,TRUE,7,3,2/9/2009,,2/9/2009,14,1,Production,Manufacturing,john2@adventure-works.com,201-555-0163,1,2
185,EM,,Stefen,A,Hesse,,1,adventure-works\stefen0,4,Production Technician - WC20,12/21/1975,S,M,2/28/2009,FALSE,19,29,TRUE,7,3,2/28/2009,,2/28/2009,14,1,Production,Manufacturing,stefen0@adventure-works.com,165-555-0113,1,2
186,EM,,Shane,S,Kim,,2,adventure-works\shane0,3,Production Supervisor - WC45,5/24/1990,S,M,2/8/2009,FALSE,75,57,TRUE,7,2,2/8/2009,,2/8/2009,25,2,Production,Manufacturing,shane0@adventure-works.com,810-555-0178,1,2
187,EM,,Yvonne,S,McKay,,0,adventure-works\yvonne0,4,Production Technician - WC45,4/15/1989,M,F,12/9/2008,FALSE,79,59,TRUE,7,2,12/9/2008,,12/9/2008,10,1,Production,Manufacturing,yvonne0@adventure-works.com,286-555-0189,3,2
188,EM,,Douglas,B,Hite,,1,adventure-works\douglas0,4,Production Technician - WC45,11/24/1985,M,M,12/27/2008,FALSE,80,60,TRUE,7,2,12/27/2008,,12/27/2008,10,1,Production,Manufacturing,douglas0@adventure-works.com,808-555-0172,1,2
189,EM,,Janeth,M,Esteves,,1,adventure-works\janeth0,4,Production Technician - WC45,7/24/1972,S,F,1/15/2009,FALSE,81,60,TRUE,7,2,1/15/2009,,1/15/2009,10,1,Production,Manufacturing,janeth0@adventure-works.com,540-555-0191,3,2
190,EM,,Robert,J,Rounthwaite,,0,adventure-works\robert0,4,Production Technician - WC45,2/28/1985,S,M,2/2/2009,FALSE,82,61,TRUE,7,2,2/2/2009,,2/2/2009,10,1,Production,Manufacturing,robert0@adventure-works.com,589-555-0147,1,2
191,EM,,Lionel,C,Penuchot,,1,adventure-works\lionel0,4,Production Technician - WC45,3/14/1988,S,M,2/26/2009,FALSE,78,59,TRUE,7,2,2/26/2009,,2/26/2009,10,1,Production,Manufacturing,lionel0@adventure-works.com,450-555-0152,1,2
192,EM,,Brenda,M,Diaz,,1,adventure-works\brenda0,3,Production Supervisor - WC40,2/28/1983,M,F,3/5/2009,FALSE,71,55,TRUE,7,1,3/5/2009,,3/5/2009,25,2,Production,Manufacturing,brenda0@adventure-works.com,142-555-0139,3,2
193,EM,,Alejandro,E,McGuel,,0,adventure-works\alejandro0,4,Production Technician - WC40,12/5/1988,S,M,12/6/2008,FALSE,52,46,TRUE,7,1,12/6/2008,,12/6/2008,15,1,Production,Manufacturing,alejandro0@adventure-works.com,668-555-0130,3,2
194,EM,,Fred,T,Northup,,0,adventure-works\fred0,4,Production Technician - WC40,6/25/1989,S,M,12/12/2008,FALSE,47,43,TRUE,7,1,12/12/2008,,12/12/2008,15,1,Production,Manufacturing,fred0@adventure-works.com,818-555-0192,1,2
195,EM,,Kevin,H,Liu,,2,adventure-works\kevin1,4,Production Technician - WC40,12/25/1985,S,M,12/17/2008,FALSE,58,49,TRUE,7,1,12/17/2008,,12/17/2008,15,1,Production,Manufacturing,kevin1@adventure-works.com,714-555-0138,3,2
196,EM,,Shammi,G,Mohamed,,0,adventure-works\shammi0,4,Production Technician - WC40,10/4/1980,M,M,12/24/2008,FALSE,53,46,TRUE,7,1,12/24/2008,,12/24/2008,15,1,Production,Manufacturing,shammi0@adventure-works.com,793-555-0179,1,2
197,EM,,Rajesh,M,Patel,,1,adventure-works\rajesh0,4,Production Technician - WC40,10/4/1977,M,M,12/31/2008,FALSE,48,44,TRUE,7,1,12/31/2008,,12/31/2008,15,1,Production,Manufacturing,rajesh0@adventure-works.com,373-555-0137,1,2
198,EM,,Lorraine,O,Nay,,1,adventure-works\lorraine0,4,Production Technician - WC40,11/26/1988,M,F,1/4/2009,FALSE,49,44,TRUE,7,1,1/4/2009,,1/4/2009,15,1,Production,Manufacturing,lorraine0@adventure-works.com,845-555-0184,3,2
199,EM,,Paula,R,Nartker,,1,adventure-works\paula1,4,Production Technician - WC40,2/10/1987,M,F,1/12/2009,FALSE,54,47,TRUE,7,1,1/12/2009,,1/12/2009,15,1,Production,Manufacturing,paula1@adventure-works.com,476-555-0119,1,2
200,EM,,Frank,T,Lee,,0,adventure-works\frank0,4,Production Technician - WC40,9/6/1987,M,M,1/17/2009,FALSE,56,48,TRUE,7,1,1/17/2009,,1/17/2009,15,1,Production,Manufacturing,frank0@adventure-works.com,158-555-0191,1,2
201,EM,,Brian,T,Lloyd,,0,adventure-works\brian0,4,Production Technician - WC40,2/10/1977,S,M,1/29/2009,FALSE,55,47,TRUE,7,1,1/29/2009,,1/29/2009,15,1,Production,Manufacturing,brian0@adventure-works.com,110-555-0182,1,2
202,EM,,Tawana,G,Nusbaum,,0,adventure-works\tawana0,4,Production Technician - WC40,11/10/1989,S,M,2/5/2009,FALSE,50,45,TRUE,7,1,2/5/2009,,2/5/2009,15,1,Production,Manufacturing,tawana0@adventure-works.com,368-555-0113,3,2
203,EM,,Ken,L,Myer,,1,adventure-works\ken1,4,Production Technician - WC40,5/28/1981,M,M,2/24/2009,FALSE,51,45,TRUE,7,1,2/24/2009,,2/24/2009,15,1,Production,Manufacturing,ken1@adventure-works.com,949-555-0174,3,2
204,EM,,Gabe,B,Mares,,0,adventure-works\gabe0,4,Production Technician - WC40,5/10/1988,M,M,3/8/2009,FALSE,57,48,TRUE,7,1,3/8/2009,,3/8/2009,15,1,Production,Manufacturing,gabe0@adventure-works.com,310-555-0117,3,2
205,EM,,Lori,A,Kane,,0,adventure-works\lori0,3,Production Supervisor - WC45,7/18/1980,S,F,2/26/2009,FALSE,76,58,TRUE,7,3,2/26/2009,,2/26/2009,25,2,Production,Manufacturing,lori0@adventure-works.com,289-555-0196,1,2
206,EM,,Stuart,V,Munson,,2,adventure-works\stuart0,4,Production Technician - WC45,9/13/1962,S,M,12/2/2008,FALSE,84,62,TRUE,7,3,12/2/2008,,12/2/2008,10,1,Production,Manufacturing,stuart0@adventure-works.com,413-555-0136,1,2
207,EM,,Greg,F,Alderson,,0,adventure-works\greg0,4,Production Technician - WC45,10/18/1970,S,M,12/2/2008,FALSE,85,62,TRUE,7,3,12/2/2008,,12/2/2008,10,1,Production,Manufacturing,greg0@adventure-works.com,332-555-0150,3,2
208,EM,,Scott,R,Gode,,0,adventure-works\scott0,4,Production Technician - WC45,2/10/1987,M,M,1/8/2009,FALSE,86,63,TRUE,7,3,1/8/2009,,1/8/2009,10,1,Production,Manufacturing,scott0@adventure-works.com,391-555-0138,1,2
209,EM,,Kathie,E,Flood,,0,adventure-works\kathie0,4,Production Technician - WC45,11/1/1990,M,F,1/27/2009,FALSE,87,63,TRUE,7,3,1/27/2009,,1/27/2009,10,1,Production,Manufacturing,kathie0@adventure-works.com,446-555-0118,3,2
210,EM,,Belinda,M,Newman,,2,adventure-works\belinda0,4,Production Technician - WC45,9/17/1969,S,F,2/20/2009,FALSE,83,61,TRUE,7,3,2/20/2009,,2/20/2009,10,1,Production,Manufacturing,belinda0@adventure-works.com,319-555-0126,1,2
211,EM,,Hazem,E,Abolrous,,0,adventure-works\hazem0,2,Quality Assurance Manager,10/26/1977,S,M,2/28/2009,TRUE,80,60,TRUE,13,1,2/28/2009,,2/28/2009,28.8462,2,Quality Assurance,Quality Assurance,hazem0@adventure-works.com,869-555-0125,3,2
212,EM,,Peng,J,Wu,,2,adventure-works\peng0,3,Quality Assurance Supervisor,3/18/1976,M,M,12/9/2008,TRUE,81,60,TRUE,13,1,12/9/2008,,12/9/2008,21.6346,2,Quality Assurance,Quality Assurance,peng0@adventure-works.com,164-555-0164,3,2
213,EM,,Sootha,T,Charncherngkha,,0,adventure-works\sootha0,4,Quality Assurance Technician,12/5/1966,M,M,2/23/2010,FALSE,85,62,TRUE,13,3,2/23/2010,,2/23/2010,10.5769,2,Quality Assurance,Quality Assurance,sootha0@adventure-works.com,325-555-0137,3,2
214,EM,,Andreas,T,Berglund,,0,adventure-works\andreas0,4,Quality Assurance Technician,3/28/1989,M,M,2/2/2009,FALSE,84,62,TRUE,13,2,2/2/2009,,2/2/2009,10.5769,2,Quality Assurance,Quality Assurance,andreas0@adventure-works.com,181-555-0124,1,2
215,EM,,Mark,L,Harrington,,0,adventure-works\mark0,4,Quality Assurance Technician,4/30/1986,S,M,1/15/2009,FALSE,83,61,TRUE,13,1,1/15/2009,,1/15/2009,10.5769,2,Quality Assurance,Quality Assurance,mark0@adventure-works.com,147-555-0179,1,2
216,EM,,Sean,P,Alexander,,2,adventure-works\sean0,4,Quality Assurance Technician,3/6/1976,S,M,12/28/2008,FALSE,82,61,TRUE,13,1,12/28/2008,,12/28/2008,10.5769,2,Quality Assurance,Quality Assurance,sean0@adventure-works.com,420-555-0173,1,2
217,EM,,Zainal,T,Arifin,,1,adventure-works\zainal0,3,Document Control Manager,1/30/1976,M,M,1/4/2009,FALSE,77,58,TRUE,12,1,1/4/2009,,1/4/2009,17.7885,2,Document Control,Quality Assurance,zainal0@adventure-works.com,204-555-0115,1,2
218,EM,,Tengiz,N,Kharatishvili,,1,adventure-works\tengiz0,4,Control Specialist,4/28/1990,S,M,12/16/2008,FALSE,76,58,TRUE,12,3,12/16/2008,,12/16/2008,16.8269,2,Document Control,Quality Assurance,tengiz0@adventure-works.com,910-555-0116,3,2
219,EM,,Sean,N,Chai,,0,adventure-works\sean1,4,Document Control Assistant,3/12/1987,S,M,1/22/2009,FALSE,78,59,TRUE,12,1,1/22/2009,,1/22/2009,10.25,2,Document Control,Quality Assurance,sean1@adventure-works.com,205-555-0132,1,2
220,EM,,Karen,R,Berge,,0,adventure-works\karen0,4,Document Control Assistant,12/25/1975,M,F,2/9/2009,FALSE,79,59,TRUE,12,1,2/9/2009,,2/9/2009,10.25,2,Document Control,Quality Assurance,karen0@adventure-works.com,746-555-0164,3,2
221,EM,,Chris,K,Norred,,0,adventure-works\chris1,4,Control Specialist,5/26/1987,M,M,3/6/2009,FALSE,75,57,TRUE,12,2,3/6/2009,,3/6/2009,16.8269,2,Document Control,Quality Assurance,chris1@adventure-works.com,575-555-0126,1,2
222,EM,,A. Scott,,Wright,,0,adventure-works\ascott0,2,Master Scheduler,9/17/1968,S,M,12/12/2008,FALSE,44,42,TRUE,8,1,12/12/2008,,12/12/2008,23.5577,2,Production Control,Manufacturing,ascott0@adventure-works.com,992-555-0194,1,2
223,EM,,Sairaj,L,Uddin,,0,adventure-works\sairaj0,3,Scheduling Assistant,12/22/1987,M,M,1/26/2009,FALSE,46,43,TRUE,8,1,1/26/2009,,1/26/2009,16,2,Production Control,Manufacturing,sairaj0@adventure-works.com,500-555-0159,1,2
224,EM,,William,S,Vong,,2,adventure-works\william0,3,Scheduling Assistant,11/6/1981,M,M,1/7/2009,FALSE,45,42,TRUE,7,1,1/7/2009,8/31/2011,1/8/2008,8.62,2,Production,Manufacturing,william0@adventure-works.com,148-555-0145,1,2
224,EM,,William,S,Vong,,2,adventure-works\william0,3,Scheduling Assistant,11/6/1981,M,M,1/7/2009,FALSE,45,42,TRUE,8,1,9/1/2011,,1/8/2008,8.62,2,Production Control,Manufacturing,william0@adventure-works.com,148-555-0145,1,2
224,EM,,William,S,Vong,,2,adventure-works\william0,3,Scheduling Assistant,11/6/1981,M,M,1/7/2009,FALSE,45,42,TRUE,7,1,1/7/2009,8/31/2011,8/31/2011,13.5,2,Production,Manufacturing,william0@adventure-works.com,148-555-0145,1,2
224,EM,,William,S,Vong,,2,adventure-works\william0,3,Scheduling Assistant,11/6/1981,M,M,1/7/2009,FALSE,45,42,TRUE,8,1,9/1/2011,,8/31/2011,13.5,2,Production Control,Manufacturing,william0@adventure-works.com,148-555-0145,1,2
224,EM,,William,S,Vong,,2,adventure-works\william0,3,Scheduling Assistant,11/6/1981,M,M,1/7/2009,FALSE,45,42,TRUE,7,1,1/7/2009,8/31/2011,1/1/2012,16,2,Production,Manufacturing,william0@adventure-works.com,148-555-0145,1,2
224,EM,,William,S,Vong,,2,adventure-works\william0,3,Scheduling Assistant,11/6/1981,M,M,1/7/2009,FALSE,45,42,TRUE,8,1,9/1/2011,,1/1/2012,16,2,Production Control,Manufacturing,william0@adventure-works.com,148-555-0145,1,2
225,EM,,Alan,J,Brewer,,0,adventure-works\alan0,3,Scheduling Assistant,3/29/1984,M,M,2/13/2009,FALSE,47,43,TRUE,8,2,2/13/2009,,2/13/2009,16,2,Production Control,Manufacturing,alan0@adventure-works.com,438-555-0172,3,2
226,EM,,Brian,P,LaMee,,0,adventure-works\brian1,3,Scheduling Assistant,8/11/1984,M,M,3/3/2009,FALSE,48,44,TRUE,8,3,3/3/2009,,3/3/2009,16,2,Production Control,Manufacturing,brian1@adventure-works.com,313-555-0196,1,2
227,EM,,Gary,E.,Altman,III,0,adventure-works\gary1,2,Facilities Manager,2/18/1971,M,M,12/2/2009,TRUE,86,63,TRUE,14,1,12/2/2009,,12/2/2009,24.0385,2,Facilities and Maintenance,Executive General and Administration,gary1@adventure-works.com,110-555-0112,1,2
228,EM,,Christian,E,Kleinerman,,0,adventure-works\christian0,3,Maintenance Supervisor,1/18/1976,M,M,12/14/2008,TRUE,92,66,TRUE,14,1,12/14/2008,,12/14/2008,20.4327,2,Facilities and Maintenance,Executive General and Administration,christian0@adventure-works.com,846-555-0157,1,2
229,EM,,Lori,K,Penor,,0,adventure-works\lori1,4,Janitor,7/31/1970,M,F,2/16/2010,FALSE,90,65,TRUE,14,3,2/16/2010,,2/16/2010,9.25,1,Facilities and Maintenance,Executive General and Administration,lori1@adventure-works.com,295-555-0161,1,2
230,EM,,Stuart,J,Macrae,,0,adventure-works\stuart1,4,Janitor,12/17/1971,M,M,3/5/2010,FALSE,88,64,TRUE,14,2,3/5/2010,,3/5/2010,9.25,1,Facilities and Maintenance,Executive General and Administration,stuart1@adventure-works.com,539-555-0149,3,2
231,EM,,Jo,L,Berry,,0,adventure-works\jo1,4,Janitor,4/24/1954,M,F,3/7/2010,FALSE,91,65,TRUE,14,3,3/7/2010,,3/7/2010,9.25,1,Facilities and Maintenance,Executive General and Administration,jo1@adventure-works.com,228-555-0159,1,2
232,EM,,Pat,H,Coleman,,0,adventure-works\pat0,4,Janitor,12/3/1970,S,M,1/27/2010,FALSE,89,64,TRUE,14,2,1/27/2010,,1/27/2010,9.25,1,Facilities and Maintenance,Executive General and Administration,pat0@adventure-works.com,720-555-0158,3,2
233,EM,,Magnus,E,Hedlund,,0,adventure-works\magnus0,3,Facilities Administrative Assistant,8/27/1971,M,M,12/21/2009,FALSE,87,63,TRUE,14,1,12/21/2009,,12/21/2009,9.75,2,Facilities and Maintenance,Executive General and Administration,magnus0@adventure-works.com,583-555-0182,3,2
234,EM,,Laura,F,Norman,,1,adventure-works\laura1,1,Chief Financial Officer,1/6/1976,M,F,1/31/2009,TRUE,0,20,TRUE,10,1,1/31/2009,11/13/2013,1/31/2009,39.06,2,Finance,Executive General and Administration,laura1@adventure-works.com,615-555-0110,1,2
234,EM,,Laura,F,Norman,,1,adventure-works\laura1,1,Chief Financial Officer,1/6/1976,M,F,1/31/2009,TRUE,0,20,TRUE,16,1,11/14/2013,,1/31/2009,39.06,2,Executive,Executive General and Administration,laura1@adventure-works.com,615-555-0110,1,2
234,EM,,Laura,F,Norman,,1,adventure-works\laura1,1,Chief Financial Officer,1/6/1976,M,F,1/31/2009,TRUE,0,20,TRUE,10,1,1/31/2009,11/13/2013,11/14/2011,48.5577,2,Finance,Executive General and Administration,laura1@adventure-works.com,615-555-0110,1,2
234,EM,,Laura,F,Norman,,1,adventure-works\laura1,1,Chief Financial Officer,1/6/1976,M,F,1/31/2009,TRUE,0,20,TRUE,16,1,11/14/2013,,11/14/2011,48.5577,2,Executive,Executive General and Administration,laura1@adventure-works.com,615-555-0110,1,2
234,EM,,Laura,F,Norman,,1,adventure-works\laura1,1,Chief Financial Officer,1/6/1976,M,F,1/31/2009,TRUE,0,20,TRUE,10,1,1/31/2009,11/13/2013,1/29/2012,60.0962,2,Finance,Executive General and Administration,laura1@adventure-works.com,615-555-0110,1,2
234,EM,,Laura,F,Norman,,1,adventure-works\laura1,1,Chief Financial Officer,1/6/1976,M,F,1/31/2009,TRUE,0,20,TRUE,16,1,11/14/2013,,1/29/2012,60.0962,2,Executive,Executive General and Administration,laura1@adventure-works.com,615-555-0110,1,2
235,EM,,Paula,M,Barreto de Mattos,,2,adventure-works\paula0,2,Human Resources Manager,2/11/1976,M,F,12/6/2008,TRUE,54,47,TRUE,9,1,12/6/2008,,12/6/2008,27.1394,2,Human Resources,Executive General and Administration,paula0@adventure-works.com,523-555-0175,1,2
236,EM,,Grant,N,Culbertson,,2,adventure-works\grant0,3,Human Resources Administrative Assistant,4/16/1976,S,M,2/25/2009,FALSE,53,46,TRUE,9,1,2/25/2009,,2/25/2009,13.9423,2,Human Resources,Executive General and Administration,grant0@adventure-works.com,955-555-0131,3,2
237,EM,,Hao,O,Chen,,0,adventure-works\hao0,3,Human Resources Administrative Assistant,4/17/1977,S,M,2/6/2009,FALSE,52,46,TRUE,9,1,2/6/2009,,2/6/2009,13.9423,2,Human Resources,Executive General and Administration,hao0@adventure-works.com,806-555-0136,3,2
238,EM,,Vidur,X,Luthra,,0,adventure-works\vidur0,3,Recruiter,8/1/1984,S,M,1/1/2009,FALSE,50,45,TRUE,9,1,1/1/2009,,1/1/2009,18.2692,2,Human Resources,Executive General and Administration,vidur0@adventure-works.com,153-555-0186,3,2
239,EM,,Mindy,C,Martin,,0,adventure-works\mindy0,3,Benefits Specialist,11/20/1984,M,F,12/25/2008,FALSE,51,45,TRUE,9,1,12/25/2008,,12/25/2008,16.5865,2,Human Resources,Executive General and Administration,mindy0@adventure-works.com,522-555-0147,3,2
240,EM,,Willis,T,Johnson,,0,adventure-works\willis0,3,Recruiter,7/18/1978,S,M,12/13/2008,FALSE,49,44,TRUE,9,1,12/13/2008,,12/13/2008,18.2692,2,Human Resources,Executive General and Administration,willis0@adventure-works.com,778-555-0141,3,2
241,EM,,David,J,Liu,,0,adventure-works\david6,2,Accounts Manager,7/8/1983,M,M,1/30/2009,TRUE,57,48,TRUE,10,1,1/30/2009,,1/30/2009,34.7356,2,Finance,Executive General and Administration,david6@adventure-works.com,646-555-0185,3,2
242,EM,,Deborah,E,Poe,,0,adventure-works\deborah0,3,Accounts Receivable Specialist,3/6/1976,M,F,12/18/2008,FALSE,60,50,TRUE,10,1,12/18/2008,,12/18/2008,19,2,Finance,Executive General and Administration,deborah0@adventure-works.com,602-555-0194,1,2
243,EM,,Candy,L,Spoon,,0,adventure-works\candy0,3,Accounts Receivable Specialist,2/23/1976,S,F,1/6/2009,FALSE,61,50,TRUE,10,1,1/6/2009,,1/6/2009,19,2,Finance,Executive General and Administration,candy0@adventure-works.com,920-555-0177,1,2
244,EM,,Bryan,A,Walton,,0,adventure-works\bryan1,3,Accounts Receivable Specialist,9/20/1984,S,M,1/24/2009,FALSE,62,51,TRUE,10,1,1/24/2009,,1/24/2009,19,2,Finance,Executive General and Administration,bryan1@adventure-works.com,935-555-0199,3,2
245,EM,,Barbara,C,Moreland,,0,adventure-works\barbara1,3,Accountant,1/4/1976,M,F,2/18/2009,TRUE,58,49,TRUE,10,1,2/18/2009,,2/18/2009,26.4423,2,Finance,Executive General and Administration,barbara1@adventure-works.com,822-555-0145,1,2
246,EM,,Dragan,K,Tomic,,1,adventure-works\dragan0,3,Accounts Payable Specialist,2/14/1977,M,M,2/11/2009,FALSE,63,51,TRUE,10,1,2/11/2009,,2/11/2009,19,2,Finance,Executive General and Administration,dragan0@adventure-works.com,117-555-0185,3,2
247,EM,,Janet,L,Sheperdigian,,0,adventure-works\janet0,3,Accounts Payable Specialist,3/9/1979,M,F,3/1/2009,FALSE,64,52,TRUE,10,1,3/1/2009,,3/1/2009,19,2,Finance,Executive General and Administration,janet0@adventure-works.com,393-555-0186,3,2
248,EM,,Mike,K,Seamans,,2,adventure-works\mike0,3,Accountant,7/1/1979,S,M,3/8/2009,TRUE,59,49,TRUE,10,1,3/8/2009,,3/8/2009,26.4423,2,Finance,Executive General and Administration,mike0@adventure-works.com,927-555-0150,3,2
249,EM,,Wendy,Beth,Kahn,,2,adventure-works\wendy0,2,Finance Manager,10/11/1984,S,F,12/25/2008,TRUE,55,47,TRUE,10,1,12/25/2008,,12/25/2008,43.2692,2,Finance,Executive General and Administration,wendy0@adventure-works.com,248-555-0134,3,2
250,EM,,Sheela,H,Word,,0,adventure-works\sheela0,3,Purchasing Manager,2/10/1978,S,F,2/25/2011,TRUE,49,44,TRUE,4,1,2/25/2011,7/30/2011,2/21/2011,9.86,2,Marketing,Sales and Marketing,sheela0@adventure-works.com,210-555-0193,3,2
250,EM,,Sheela,H,Word,,0,adventure-works\sheela0,3,Purchasing Manager,2/10/1978,S,F,2/25/2011,TRUE,49,44,TRUE,13,1,7/31/2011,7/14/2012,2/21/2011,9.86,2,Quality Assurance,Quality Assurance,sheela0@adventure-works.com,210-555-0193,3,2
250,EM,,Sheela,H,Word,,0,adventure-works\sheela0,3,Purchasing Manager,2/10/1978,S,F,2/25/2011,TRUE,49,44,TRUE,5,1,7/15/2012,,2/21/2011,9.86,2,Purchasing,Inventory Management,sheela0@adventure-works.com,210-555-0193,3,2
250,EM,,Sheela,H,Word,,0,adventure-works\sheela0,3,Purchasing Manager,2/10/1978,S,F,2/25/2011,TRUE,49,44,TRUE,4,1,2/25/2011,7/30/2011,7/30/2011,22.5,2,Marketing,Sales and Marketing,sheela0@adventure-works.com,210-555-0193,3,2
250,EM,,Sheela,H,Word,,0,adventure-works\sheela0,3,Purchasing Manager,2/10/1978,S,F,2/25/2011,TRUE,49,44,TRUE,13,1,7/31/2011,7/14/2012,7/30/2011,22.5,2,Quality Assurance,Quality Assurance,sheela0@adventure-works.com,210-555-0193,3,2
250,EM,,Sheela,H,Word,,0,adventure-works\sheela0,3,Purchasing Manager,2/10/1978,S,F,2/25/2011,TRUE,49,44,TRUE,5,1,7/15/2012,,7/30/2011,22.5,2,Purchasing,Inventory Management,sheela0@adventure-works.com,210-555-0193,3,2
250,EM,,Sheela,H,Word,,0,adventure-works\sheela0,3,Purchasing Manager,2/10/1978,S,F,2/25/2011,TRUE,49,44,TRUE,4,1,2/25/2011,7/30/2011,7/14/2012,30,2,Marketing,Sales and Marketing,sheela0@adventure-works.com,210-555-0193,3,2
250,EM,,Sheela,H,Word,,0,adventure-works\sheela0,3,Purchasing Manager,2/10/1978,S,F,2/25/2011,TRUE,49,44,TRUE,13,1,7/31/2011,7/14/2012,7/14/2012,30,2,Quality Assurance,Quality Assurance,sheela0@adventure-works.com,210-555-0193,3,2
250,EM,,Sheela,H,Word,,0,adventure-works\sheela0,3,Purchasing Manager,2/10/1978,S,F,2/25/2011,TRUE,49,44,TRUE,5,1,7/15/2012,,7/14/2012,30,2,Purchasing,Inventory Management,sheela0@adventure-works.com,210-555-0193,3,2
251,EM,,Mikael,Q,Sandberg,,2,adventure-works\mikael0,4,Buyer,8/17/1984,S,M,2/10/2009,FALSE,59,49,TRUE,5,1,2/10/2009,,2/10/2009,18.2692,2,Purchasing,Inventory Management,mikael0@adventure-works.com,309-555-0170,3,2
252,EM,,Arvind,B,Rao,,0,adventure-works\arvind0,4,Buyer,8/21/1974,M,M,2/28/2009,FALSE,60,50,TRUE,5,1,2/28/2009,,2/28/2009,18.2692,2,Purchasing,Inventory Management,arvind0@adventure-works.com,848-555-0163,1,2
253,EM,,Linda,P,Meisner,,0,adventure-works\linda2,4,Buyer,11/30/1970,M,F,12/17/2009,FALSE,56,48,TRUE,5,1,12/17/2009,,12/17/2009,18.2692,2,Purchasing,Inventory Management,linda2@adventure-works.com,916-555-0165,1,2
254,EM,,Fukiko,J,Ogisu,,0,adventure-works\fukiko0,4,Buyer,11/24/1970,M,M,1/4/2010,FALSE,57,48,TRUE,5,1,1/4/2010,,1/4/2010,18.2692,2,Purchasing,Inventory Management,fukiko0@adventure-works.com,520-555-0177,3,2
255,EM,,Gordon,L,Hee,,0,adventure-works\gordon0,4,Buyer,11/29/1966,M,M,1/11/2010,FALSE,52,46,TRUE,5,1,1/11/2010,,1/11/2010,18.2692,2,Purchasing,Inventory Management,gordon0@adventure-works.com,230-555-0144,1,2
256,EM,,Frank,S,Pellow,,0,adventure-works\frank2,4,Buyer,5/12/1952,M,M,1/23/2010,FALSE,58,49,TRUE,5,1,1/23/2010,,1/23/2010,18.2692,2,Purchasing,Inventory Management,frank2@adventure-works.com,163-555-0147,1,2
257,EM,,Eric,S,Kurjan,,2,adventure-works\eric2,4,Buyer,9/17/1972,S,M,1/27/2010,FALSE,54,47,TRUE,5,1,1/27/2010,,1/27/2010,18.2692,2,Purchasing,Inventory Management,eric2@adventure-works.com,265-555-0195,3,2
258,EM,,Erin,M,Hagens,,0,adventure-works\erin0,4,Buyer,1/4/1971,S,F,1/31/2010,FALSE,53,46,TRUE,5,1,1/31/2010,,1/31/2010,18.2692,2,Purchasing,Inventory Management,erin0@adventure-works.com,842-555-0158,3,2
259,EM,,Ben,T,Miller,,0,adventure-works\ben0,4,Buyer,6/3/1973,M,M,3/9/2010,FALSE,55,47,TRUE,5,1,3/9/2010,,3/9/2010,18.2692,2,Purchasing,Inventory Management,ben0@adventure-works.com,151-555-0113,3,2
260,EM,,Annette,L,Hill,,1,adventure-works\annette0,4,Purchasing Assistant,1/29/1978,M,F,12/6/2010,FALSE,50,45,TRUE,5,1,12/6/2010,,12/6/2010,12.75,2,Purchasing,Inventory Management,annette0@adventure-works.com,125-555-0196,1,2
261,EM,,Reinout,N,Hillmann,,2,adventure-works\reinout0,4,Purchasing Assistant,1/17/1978,M,M,12/25/2010,FALSE,51,45,TRUE,5,1,12/25/2010,,12/25/2010,12.75,2,Purchasing,Inventory Management,reinout0@adventure-works.com,370-555-0163,3,2
262,EM,,David,M,Barber,,0,adventure-works\david5,2,Assistant to the Chief Financial Officer,6/21/1964,S,M,1/12/2009,FALSE,56,48,TRUE,10,1,1/12/2009,,1/12/2009,13.4615,2,Finance,Executive General and Administration,david5@adventure-works.com,477-555-0132,3,2
263,EM,,Jean,E,Trenary,,2,adventure-works\jean0,1,Information Services Manager,12/13/1975,S,F,12/11/2008,TRUE,65,52,TRUE,11,1,12/11/2008,,12/11/2008,50.4808,2,Information Services,Executive General and Administration,jean0@adventure-works.com,685-555-0120,3,2
264,EM,,Stephanie,A,Conroy,,2,adventure-works\stephanie0,2,Network Manager,3/25/1984,S,F,2/4/2009,TRUE,68,54,TRUE,11,1,2/4/2009,,2/4/2009,39.6635,2,Information Services,Executive General and Administration,stephanie0@adventure-works.com,594-555-0110,3,2
265,EM,,Ashvini,R,Sharma,,1,adventure-works\ashvini0,3,Network Administrator,3/27/1977,S,M,12/4/2008,FALSE,70,55,TRUE,11,2,12/4/2008,,12/4/2008,32.4519,2,Information Services,Executive General and Administration,ashvini0@adventure-works.com,656-555-0119,3,2
266,EM,,Peter,I,Connelly,,0,adventure-works\peter1,3,Network Administrator,5/28/1980,S,M,2/23/2009,FALSE,69,54,TRUE,11,1,2/23/2009,,2/23/2009,32.4519,2,Information Services,Executive General and Administration,peter1@adventure-works.com,310-555-0133,3,2
267,EM,,Karen,A,Berg,,0,adventure-works\karen1,2,Application Specialist,5/19/1978,S,F,2/16/2009,TRUE,74,57,TRUE,11,1,2/16/2009,,2/16/2009,27.4038,2,Information Services,Executive General and Administration,karen1@adventure-works.com,654-555-0177,3,2
268,EM,,Ramesh,V,Meyyappan,,1,adventure-works\ramesh0,2,Application Specialist,3/13/1988,S,M,2/3/2009,TRUE,73,56,TRUE,11,1,2/3/2009,,2/3/2009,27.4038,2,Information Services,Executive General and Administration,ramesh0@adventure-works.com,182-555-0134,3,2
269,EM,,Dan,K,Bacon,Jr.,0,adventure-works\dan0,2,Application Specialist,5/26/1987,M,M,1/11/2009,TRUE,72,56,TRUE,11,1,1/11/2009,,1/11/2009,27.4038,2,Information Services,Executive General and Administration,dan0@adventure-works.com,166-555-0159,3,2
270,EM,,François,P,Ajenstat,,0,adventure-works\françois0,2,Database Administrator,5/17/1975,S,M,1/17/2009,TRUE,67,53,TRUE,11,1,1/17/2009,,1/17/2009,38.4615,2,Information Services,Executive General and Administration,françois0@adventure-works.com,785-555-0110,1,2
271,EM,,Dan,B,Wilson,,0,adventure-works\dan1,2,Database Administrator,1/6/1976,M,M,1/22/2009,TRUE,66,53,TRUE,11,1,1/22/2009,,1/22/2009,38.4615,2,Information Services,Executive General and Administration,dan1@adventure-works.com,653-555-0144,3,2
272,EM,,Janaina,Barreiro Gambaro,Bueno,,0,adventure-works\janaina0,2,Application Specialist,1/30/1985,M,F,12/23/2008,TRUE,71,55,TRUE,11,1,12/23/2008,,12/23/2008,27.4038,2,Information Services,Executive General and Administration,janaina0@adventure-works.com,623-555-0155,3,2
273,EM,Mr.,Brian,S,Welcker,,0,adventure-works\brian3,1,Vice President of Sales,6/6/1977,S,M,2/15/2011,TRUE,10,25,TRUE,3,1,2/15/2011,,2/15/2011,72.1154,2,Sales,Sales and Marketing,brian3@adventure-works.com,716-555-0127,1,2
274,SP,,Stephen,Y,Jiang,,0,adventure-works\stephen0,2,North American Sales Manager,10/17/1951,M,M,1/4/2011,TRUE,14,27,TRUE,3,1,1/4/2011,,1/4/2011,48.101,2,Sales,Sales and Marketing,stephen0@adventure-works.com,238-555-0197,1,2
275,SP,,Michael,G,Blythe,,1,adventure-works\michael9,3,Sales Representative,12/25/1968,S,M,5/31/2011,TRUE,38,39,TRUE,3,1,5/31/2011,,5/31/2011,23.0769,2,Sales,Sales and Marketing,michael9@adventure-works.com,257-555-0154,1,2
276,SP,,Linda,C,Mitchell,,0,adventure-works\linda3,3,Sales Representative,2/27/1980,M,F,5/31/2011,TRUE,27,33,TRUE,3,1,5/31/2011,,5/31/2011,23.0769,2,Sales,Sales and Marketing,linda3@adventure-works.com,883-555-0116,3,2
277,SP,,Jillian,,Carson,,1,adventure-works\jillian0,3,Sales Representative,8/29/1962,S,F,5/31/2011,TRUE,24,32,TRUE,3,1,5/31/2011,,5/31/2011,23.0769,2,Sales,Sales and Marketing,jillian0@adventure-works.com,517-555-0117,3,2
278,SP,,Garrett,R,Vargas,,0,adventure-works\garrett1,3,Sales Representative,2/4/1975,M,M,5/31/2011,TRUE,33,36,TRUE,3,1,5/31/2011,,5/31/2011,23.0769,2,Sales,Sales and Marketing,garrett1@adventure-works.com,922-555-0165,3,2
279,SP,,Tsvi,Michael,Reiter,,1,adventure-works\tsvi0,3,Sales Representative,1/18/1974,M,M,5/31/2011,TRUE,29,34,TRUE,3,1,5/31/2011,,5/31/2011,23.0769,2,Sales,Sales and Marketing,tsvi0@adventure-works.com,664-555-0112,3,2
280,SP,,Pamela,O,Ansman-Wolfe,,1,adventure-works\pamela0,3,Sales Representative,12/6/1974,S,F,5/31/2011,TRUE,22,31,TRUE,3,1,5/31/2011,,5/31/2011,23.0769,2,Sales,Sales and Marketing,pamela0@adventure-works.com,340-555-0193,1,2
281,SP,,Shu,K,Ito,,2,adventure-works\shu0,3,Sales Representative,3/9/1968,M,M,5/31/2011,TRUE,26,33,TRUE,3,1,5/31/2011,,5/31/2011,23.0769,2,Sales,Sales and Marketing,shu0@adventure-works.com,330-555-0120,1,2
282,SP,,José,Edvaldo,Saraiva,,0,adventure-works\josé1,3,Sales Representative,12/11/1963,M,M,5/31/2011,TRUE,31,35,TRUE,3,1,5/31/2011,,5/31/2011,23.0769,2,Sales,Sales and Marketing,josé1@adventure-works.com,185-555-0169,3,2
283,SP,,David,R,Campbell,,0,adventure-works\david8,3,Sales Representative,2/11/1974,S,M,5/31/2011,TRUE,23,31,TRUE,3,1,5/31/2011,,5/31/2011,23.0769,2,Sales,Sales and Marketing,david8@adventure-works.com,740-555-0182,3,2
284,SP,Mr.,Tete,A,Mensa-Annan,,1,adventure-works\tete0,3,Sales Representative,1/5/1978,M,M,9/30/2012,TRUE,39,39,TRUE,3,1,9/30/2012,,9/30/2012,23.0769,2,Sales,Sales and Marketing,tete0@adventure-works.com,615-555-0153,3,2
285,SP,Mr.,Syed,E,Abbas,,0,adventure-works\syed0,2,Pacific Sales Manager,1/11/1975,M,M,3/14/2013,TRUE,20,30,TRUE,3,1,3/14/2013,,3/14/2013,48.101,2,Sales,Sales and Marketing,syed0@adventure-works.com,926-555-0182,3,2
286,SP,,Lynn,N,Tsoflias,,2,adventure-works\lynn0,3,Sales Representative,2/14/1977,S,F,5/30/2013,TRUE,36,38,TRUE,3,1,5/30/2013,,5/30/2013,23.0769,2,Sales,Sales and Marketing,lynn0@adventure-works.com,1 (11) 500 555-0190,1,2
287,SP,,Amy,E,Alberts,,1,adventure-works\amy0,2,European Sales Manager,9/20/1957,M,F,4/16/2012,TRUE,21,30,TRUE,3,1,4/16/2012,,4/16/2012,48.101,2,Sales,Sales and Marketing,amy0@adventure-works.com,775-555-0164,3,2
288,SP,,Rachel,B,Valdez,,0,adventure-works\rachel0,3,Sales Representative,7/9/1975,S,F,5/30/2013,TRUE,35,37,TRUE,3,1,5/30/2013,,5/30/2013,23.0769,2,Sales,Sales and Marketing,rachel0@adventure-works.com,1 (11) 500 555-0140,1,2
289,SP,,Jae,B,Pak,,0,adventure-works\jae0,3,Sales Representative,3/17/1968,M,F,5/30/2012,TRUE,37,38,TRUE,3,1,5/30/2012,,5/30/2012,23.0769,2,Sales,Sales and Marketing,jae0@adventure-works.com,1 (11) 500 555-0145,3,2
290,SP,,Ranjit,R,Varkey Chudukatil,,0,adventure-works\ranjit0,3,Sales Representative,9/30/1975,S,M,5/30/2012,TRUE,34,37,TRUE,3,1,5/30/2012,,5/30/2012,23.0769,2,Sales,Sales and Marketing,ranjit0@adventure-works.com,1 (11) 500 555-0117,1,2
